stage,phase,start_step,end_step,mid_step,n_seeds,layer3,layer4,layer3_sd,layer4_sd
confirmation,1,1,100,50.5,10,0.0319628919281553,0.0319628919281553,0.0,0.0
confirmation,1,101,200,150.5,10,0.0447400540084062,0.04542872572499757,0.0002234597604654379,5.5506446989804566e-05
confirmation,1,201,300,250.5,10,0.05480231771453632,0.05625361873717076,0.00047437867260189754,7.909051539409398e-05
confirmation,1,301,400,350.5,10,0.06248763270089147,0.06490624731670572,0.0008279654381259867,9.650145299633921e-05
confirmation,1,401,500,450.5,10,0.06810493072500226,0.07181234269307231,0.000908120245553507,0.00010165033072825359
confirmation,1,501,600,550.5,10,0.07200721651523673,0.07731466438454385,0.0014247299772552448,0.00014200105027461658
confirmation,1,601,700,650.5,10,0.07430186714151385,0.08169591006941904,0.0018658461771252541,0.00017299695078205256
confirmation,1,701,800,750.5,10,0.07557085671346382,0.08518227454004351,0.0017990702901837796,0.00016814073250367778
confirmation,1,801,900,850.5,10,0.0759565335205761,0.08795510119396227,0.0025411185414842353,0.00021759123851655454
confirmation,1,901,1000,950.5,10,0.07582228255519644,0.09016840737825255,0.00317322028887764,0.00025092100550509625
confirmation,1,1001,1100,1050.5,10,0.07436469648076079,0.09187702697353006,0.0021159712504204443,0.0002470745723897835
confirmation,1,1101,1200,1150.5,10,0.07326242442641853,0.0932630409318255,0.0019384614795356163,0.0002453482088366069
confirmation,1,1201,1300,1250.5,10,0.07269652414961374,0.09437963281458346,0.002497794677772597,0.00024702844278319503
confirmation,1,1301,1400,1350.5,10,0.07135597820836344,0.09523502987842329,0.002321699880024356,0.00027298439758232924
confirmation,1,1401,1500,1450.5,10,0.06923475018857135,0.09588517926397158,0.0025065094124551083,0.0002946293089361872
confirmation,1,1501,1600,1550.5,10,0.06793226136196197,0.09638765730126453,0.002884846112316913,0.00033407801391390537
confirmation,1,1601,1700,1650.5,10,0.06629225875800074,0.09679977753665574,0.003030272206437511,0.000369412863834298
confirmation,1,1701,1800,1750.5,10,0.06444992667137253,0.09705876339695862,0.0032572501379564767,0.0003914226381211397
confirmation,1,1801,1900,1850.5,10,0.06348849252683277,0.09727033823809834,0.0029347751584725035,0.0004001317616674602
confirmation,1,1901,2000,1950.5,10,0.06223820423528338,0.0973894836972323,0.0022359800953963716,0.0003874406954886562
confirmation,1,2001,2100,2050.5,10,0.0599416091741606,0.09741418958700011,0.0024919500207626105,0.0004051476534940304
confirmation,1,2101,2200,2150.5,10,0.058118751725658724,0.09740144384064207,0.0033874847262049773,0.00043108295549405666
confirmation,1,2201,2300,2250.5,10,0.05658477637879539,0.0973760822820576,0.003561737203570277,0.00048635462711692874
confirmation,1,2301,2400,2350.5,10,0.05502330061332071,0.09728306636844436,0.0034326309134850787,0.0005841853794074854
confirmation,1,2401,2500,2450.5,10,0.05360987889850618,0.09721640424413419,0.00236397976959771,0.0005673541102185769
confirmation,1,2501,2600,2550.5,10,0.05301068735358806,0.09717994106396856,0.0030319558676871407,0.0006221321864070855
confirmation,1,2601,2700,2650.5,10,0.051623760964885,0.09704835110212756,0.0034617981148043816,0.0006632053441390159
confirmation,1,2701,2800,2750.5,10,0.049166510644966584,0.09682153836208517,0.0033440166083868374,0.0007403237152147663
confirmation,1,2801,2900,2850.5,10,0.04817252026662213,0.09662553123440448,0.002244592977937552,0.0007195989226112655
confirmation,1,2901,3000,2950.5,10,0.04645370899760082,0.09637122253365929,0.0031978017413335,0.0008450623507318557
confirmation,1,3001,3100,3050.5,10,0.04524870569752895,0.09608946761011258,0.0028551676550270353,0.0008477459821760536
confirmation,1,3101,3200,3150.5,10,0.04287639612816344,0.09569347414152517,0.0038480986135498428,0.0010081897477993878
confirmation,1,3201,3300,3250.5,10,0.04222932464280198,0.09540951643655521,0.003730907247238467,0.0010741525426070245
confirmation,1,3301,3400,3350.5,10,0.04152065815684173,0.09509730682809837,0.004562573486496166,0.0011438717932272012
confirmation,1,3401,3500,3450.5,10,0.03949639845383152,0.09471455441502283,0.0039729340649997304,0.0011831810298009407
confirmation,1,3501,3600,3550.5,10,0.0372293523026616,0.0943097767242785,0.003930351455925051,0.001209855098493663
confirmation,1,3601,3700,3650.5,10,0.03562541891610594,0.09379866316027444,0.0041435565449231635,0.0013983035076282427
confirmation,1,3701,3800,3750.5,10,0.033338715430923385,0.09314119789787377,0.004965530416684281,0.0015157418947040592
confirmation,1,3801,3880,3840.5,10,0.03302079984828491,0.09293977136952483,0.004256554150969509,0.0014798434796207318
confirmation,2,3881,3980,3930.5,10,0.03323487003200287,0.09285740383349403,0.00375579039886309,0.0013142558500070045
confirmation,2,3981,4080,4030.5,10,0.03704718096124998,0.09370425577192977,0.00356539349835094,0.0011335843949802074
confirmation,2,4081,4180,4130.5,10,0.04220315815707232,0.09461654072764022,0.003909896053269933,0.0009446916620136685
confirmation,2,4181,4280,4230.5,10,0.04782284733630965,0.095451941079529,0.0034257034410407287,0.0007983973431894787
confirmation,2,4281,4380,4330.5,10,0.05230958147503478,0.09612198855907537,0.002707019726872765,0.0006836665617284593
confirmation,2,4381,4480,4430.5,10,0.055522122525307305,0.09665978868462222,0.002353785634424529,0.0005991381422546555
confirmation,2,4481,4580,4530.5,10,0.05826415793083982,0.09707949371308375,0.002365999535748048,0.0005326023016708613
confirmation,2,4581,4680,4630.5,10,0.06015636502119531,0.09742038085178001,0.003033875505407394,0.00047774156197180845
confirmation,2,4681,4780,4730.5,10,0.061790838226601766,0.0977057526337981,0.0028278728341661627,0.00043256953328495894
confirmation,2,4781,4880,4830.5,10,0.06332884001150206,0.09794460294534943,0.0032559514075117643,0.000385858621772669
confirmation,2,4881,4980,4930.5,10,0.06316599742006947,0.0980877176779481,0.002923813949026878,0.00036409497990528775
confirmation,2,4981,5080,5030.5,10,0.06385441740980977,0.0982247579964783,0.002650300209502898,0.00033011052865560177
confirmation,2,5081,5180,5130.5,10,0.06391100087449693,0.09832143905732815,0.0026480513821488167,0.00030516722271951423
confirmation,2,5181,5280,5230.5,10,0.06370916626825522,0.09836538045646684,0.003483463284931486,0.00033130799871221084
confirmation,2,5281,5380,5330.5,10,0.06327504541462384,0.09839111082567305,0.0020001823587749664,0.0003201495126637602
confirmation,2,5381,5480,5430.5,10,0.06352575204674049,0.09842983327940988,0.0016004728629854057,0.00029882694732871496
confirmation,2,5481,5580,5530.5,10,0.06265503462776276,0.09843736177143361,0.001599317835919903,0.00027670643305840114
confirmation,2,5581,5680,5630.5,10,0.06069235267140605,0.09838381527363411,0.0021723478165311797,0.00030026464281471325
confirmation,2,5681,5780,5730.5,10,0.060392465364314515,0.09839183045933175,0.002247413785158972,0.0003012072328558159
confirmation,2,5781,5880,5830.5,10,0.05978266979158461,0.09837570166023411,0.0021008582482672086,0.00032303106227837564
confirmation,2,5881,5980,5930.5,10,0.05937240554834812,0.09835228516256515,0.001758123103771138,0.00035521651193798034
confirmation,2,5981,6080,6030.5,10,0.05849232718744925,0.098304637418268,0.00197421412474165,0.00035309232538748215
confirmation,2,6081,6180,6130.5,10,0.05832721435336434,0.0982884581072003,0.001858251168414932,0.000357696653712783
confirmation,2,6181,6280,6230.5,10,0.05758894803895287,0.09821855379000632,0.0024095723953456803,0.00037177091189439875
confirmation,2,6281,6380,6330.5,10,0.05725503853839455,0.09815212522854029,0.002440096507909529,0.0004057643843114266
confirmation,2,6381,6480,6430.5,10,0.05641201094028579,0.09806803889043234,0.0024768669606133305,0.00042141310909693807
confirmation,2,6481,6580,6530.5,10,0.05581529027561658,0.09803322056564105,0.0017574515097892541,0.00039800780534993396
confirmation,2,6581,6680,6630.5,10,0.055880280068740615,0.09798895351647866,0.0018429938763013588,0.0004051732091658647
confirmation,2,6681,6780,6730.5,10,0.05584529762941208,0.0979328938599395,0.00280187217055457,0.0004544479789729966
confirmation,2,6781,6880,6830.5,10,0.05507798513882769,0.09784918697334224,0.0022653260601836795,0.0004661121058796354
confirmation,2,6881,6980,6930.5,10,0.05379281200771187,0.09776767551143697,0.0029012054431763134,0.0004944348243887164
confirmation,2,6981,7080,7030.5,10,0.05232469802950805,0.09763609065853063,0.003082502444399995,0.0005176836024360725
confirmation,2,7081,7180,7130.5,10,0.05120249400578741,0.09752075967291698,0.0026713309078353633,0.0005117185441028403
confirmation,2,7181,7280,7230.5,10,0.050616353220843194,0.09743787939352351,0.0026013112417103143,0.0005145771696358414
confirmation,2,7281,7380,7330.5,10,0.04990620700747741,0.09728618876228805,0.0024232332430874524,0.0005833895083976496
confirmation,2,7381,7480,7430.5,10,0.05027975655943584,0.09718704280767718,0.0022949313045736238,0.0006064314124166144
confirmation,2,7481,7580,7530.5,10,0.04941275021282215,0.0970168037628696,0.0034303842837862305,0.0006375111255764359
confirmation,2,7581,7680,7630.5,10,0.0481648190833309,0.09683798710554203,0.00316349799896823,0.0006346522312454403
confirmation,2,7681,7780,7730.5,10,0.04750453941456753,0.09672656560177226,0.0030272627883693275,0.0006655919423753867
confirmation,2,7781,7880,7830.5,10,0.04651998013996456,0.09655367051542381,0.0031374530247715226,0.0006718771517944763
confirmation,2,7881,7980,7930.5,10,0.04440749038602923,0.09629427443510334,0.0034220176758981147,0.0008041313171716541
confirmation,2,7981,8080,8030.5,10,0.04310319662265117,0.09598502102937294,0.003673364897533927,0.0009648159013223337
confirmation,2,8081,8180,8130.5,10,0.04259670446543349,0.0958083951868139,0.0035800855105076264,0.0010345783804371544
confirmation,2,8181,8280,8230.5,10,0.041923637693231555,0.09556283240958077,0.002253550707949779,0.0009829880231677329
confirmation,2,8281,8380,8330.5,10,0.04224328831531371,0.09535323110846858,0.0026677057699112205,0.0010428921866177327
confirmation,2,8381,8480,8430.5,10,0.04139508907822394,0.09512034533535967,0.0024374851918027513,0.0010232560448662942
confirmation,2,8481,8580,8530.5,10,0.04005322370245333,0.09464849599282589,0.0035503552664459845,0.001128953640625968
confirmation,2,8581,8680,8630.5,10,0.03868704808279924,0.09418436943477942,0.002564503044386521,0.0010533134018998749
confirmation,2,8681,8780,8730.5,10,0.037541309600157016,0.09371601026791132,0.0027539727235697076,0.0010560947945541881
confirmation,2,8781,8880,8830.5,10,0.036853715320079326,0.09312129187523824,0.002371978541761932,0.0013070628319348297
confirmation,2,8881,8980,8930.5,10,0.03514850203331564,0.09238003158799249,0.0023045033965514924,0.0015931781914473538
confirmation,2,8981,9080,9030.5,10,0.035273065226613484,0.09171890214507537,0.002748300730821951,0.001680671489009339
confirmation,2,9081,9180,9130.5,10,0.0346209614272519,0.09100692961313724,0.002545936837701673,0.0018059284503119466
confirmation,2,9181,9280,9230.5,10,0.03465255326811774,0.0903746455446208,0.0022279624495550533,0.0020103832120827564
confirmation,2,9281,9380,9330.5,10,0.034582426131529995,0.08975714840992635,0.0027344183381152465,0.0023082228559552715
confirmation,2,9381,9480,9430.5,10,0.0330626813300406,0.08893745430712029,0.0015167421363064607,0.002464916402502578
confirmation,2,9481,9580,9530.5,10,0.031528865700981804,0.08805711246071515,0.0020304402107628556,0.0027174709677344603
confirmation,2,9581,9680,9630.5,10,0.030283360690837747,0.08733561137731256,0.0022795735678337054,0.003160653542082428
confirmation,2,9681,9720,9700.5,10,0.02951453651817849,0.08693457327659777,0.0025252913331078983,0.00331022281945156
confirmation,3,9721,9820,9770.5,10,0.02887157540930126,0.08655280235922638,0.003126145599326183,0.00323920003624495
confirmation,3,9821,9920,9870.5,10,0.02951867509806581,0.08752372989026946,0.0031493688456713893,0.002793856247808006
confirmation,3,9921,10020,9970.5,10,0.03171810082144989,0.0892168696293475,0.0025487102420223926,0.002306522098073244
confirmation,3,10021,10120,10070.5,10,0.035764755253998,0.0909001947985692,0.0018993338155754301,0.0019087646071384492
confirmation,3,10121,10220,10170.5,10,0.04046979145222046,0.09235164055113712,0.0022975519847592846,0.0016190616250230292
confirmation,3,10221,10320,10270.5,10,0.04588103604640254,0.09356832407118217,0.0020453362046981925,0.0013045313691058174
confirmation,3,10321,10420,10370.5,10,0.04934616016602481,0.09452625786575566,0.0015342834714482145,0.001119862611366577
confirmation,3,10421,10520,10470.5,10,0.052340702645901425,0.0952995553030844,0.001260096485018689,0.0009445681760464698
confirmation,3,10521,10620,10570.5,10,0.05401297196743414,0.09588408303529303,0.0008852967521456957,0.0008020145922310845
confirmation,3,10621,10720,10670.5,10,0.05530354586600835,0.09634487133890471,0.0017681798150363617,0.0007148010793093121
confirmation,3,10721,10820,10770.5,10,0.055865180971010196,0.09669405281317789,0.0022374921245258265,0.0006511264340153154
confirmation,3,10821,10920,10870.5,10,0.056326327453425626,0.09695788766260736,0.0021964633397560437,0.0006199512571787766
confirmation,3,10921,11020,10970.5,10,0.05646019483477206,0.09720793584212419,0.0017941244945399244,0.0005461571627150229
confirmation,3,11021,11120,11070.5,10,0.05664010618029501,0.09740396996832161,0.0016487174987363572,0.0004945064009760818
confirmation,3,11121,11220,11170.5,10,0.05719328411872945,0.09755376850251052,0.001515104521374728,0.000442400489143609
confirmation,3,11221,11320,11270.5,10,0.05756487658597603,0.09766382580201162,0.0016546854723039656,0.00042829554589933374
confirmation,3,11321,11420,11370.5,10,0.05776498452377414,0.09773844847830437,0.002116229909307614,0.00039709409199397214
confirmation,3,11421,11520,11470.5,10,0.057375007613927796,0.09779693003389243,0.0016709945073073499,0.00036420547681573445
confirmation,3,11521,11620,11570.5,10,0.05700037091705086,0.09785006857989462,0.0019893442519328414,0.0003467092296855476
confirmation,3,11621,11720,11670.5,10,0.05590653118110609,0.09783904771433635,0.0021029546061765605,0.0003782238778035958
confirmation,3,11721,11820,11770.5,10,0.055598998933239475,0.09787235965302057,0.0032285298636509853,0.0004233147673188363
confirmation,3,11821,11920,11870.5,10,0.05533691667082563,0.09787747177732684,0.0025995392142712827,0.00046698768648564197
confirmation,3,11921,12020,11970.5,10,0.054748153884059715,0.09784998932169481,0.0027619045547470533,0.0005024463580546266
confirmation,3,12021,12120,12070.5,10,0.05517116238127834,0.09785615413448136,0.0029891420500723644,0.0005196492119188609
confirmation,3,12121,12220,12170.5,10,0.05566404474508137,0.09786245609232189,0.00341784026605686,0.0005498055505076448
confirmation,3,12221,12320,12270.5,10,0.05522040542764325,0.09787654154875905,0.002275384213487847,0.000501283577208132
confirmation,3,12321,12420,12370.5,10,0.05577800283211275,0.09787393996786944,0.0019118518103947355,0.0004833385528680006
confirmation,3,12421,12520,12470.5,10,0.055193769362844494,0.09783001028524123,0.001372382545804488,0.0005098902878743523
confirmation,3,12521,12620,12570.5,10,0.05451713422883357,0.09778040668951785,0.002147295980396898,0.000549390220436902
confirmation,3,12621,12720,12670.5,10,0.05456732961141995,0.0977874526878607,0.002288535207215867,0.0005440508928842208
confirmation,3,12721,12820,12770.5,10,0.05350684472888841,0.0977023268733415,0.0016342222137491838,0.0005054826361834947
confirmation,3,12821,12920,12870.5,10,0.05276835321202773,0.097652592033075,0.0022452700134302033,0.0005360721207065374
confirmation,3,12921,13020,12970.5,10,0.05203658034198044,0.09758974432981099,0.0025167200409397772,0.0005407165035464556
confirmation,3,13021,13120,13070.5,10,0.05231912594098702,0.09760024176198606,0.002754889732156617,0.0005502194409075207
confirmation,3,13121,13220,13170.5,10,0.052784684643214966,0.09756711957488017,0.0022737575614805512,0.0005666311847191112
confirmation,3,13221,13320,13270.5,10,0.05145906863898538,0.09747621535039774,0.0023403307219079465,0.0006078288809063203
confirmation,3,13321,13420,13370.5,10,0.05070104326124129,0.0974273068392236,0.003244733355162047,0.0006564533517084548
confirmation,3,13421,13520,13470.5,10,0.05009049845520165,0.09726683319012155,0.0029416568644427088,0.0006870394901858274
confirmation,3,13521,13620,13570.5,10,0.04969551702076499,0.09717219075660707,0.0028242427888264606,0.0006828335711130025
confirmation,3,13621,13720,13670.5,10,0.0495137542632027,0.09712430927040214,0.0033948189717107275,0.0006841490237469214
confirmation,3,13721,13820,13770.5,10,0.04930669683137953,0.0970640723049778,0.0031308647769019483,0.0006250339057460463
confirmation,3,13821,13920,13870.5,10,0.04936081909088747,0.09699850531578869,0.002685509232121698,0.0006773725540781749
confirmation,3,13921,14020,13970.5,10,0.04874752701396453,0.09688842731476711,0.00275707862623507,0.0006887675553487284
confirmation,3,14021,14120,14070.5,10,0.04873789227229255,0.09675591163783759,0.002804208260172457,0.0007027364400197061
confirmation,3,14121,14220,14170.5,10,0.0481078495900874,0.09664572690614145,0.0032313877144183717,0.0007201424340099121
confirmation,3,14221,14320,14270.5,10,0.04723111617402399,0.09649323602592949,0.0025390862951122973,0.0007616864936991905
confirmation,3,14321,14420,14370.5,10,0.04644325639324842,0.09636716083806707,0.002654075466868184,0.0007702657185859389
confirmation,3,14421,14520,14470.5,10,0.04591468512760151,0.09621212190640623,0.0030088839698710623,0.0007500357116356415
confirmation,3,14521,14620,14570.5,10,0.04555161221146396,0.09606055219117794,0.0034569021264541284,0.0007905357862584834
confirmation,3,14621,14720,14670.5,10,0.04519419173914225,0.09574772435367851,0.0029226812962613075,0.0009500282679406032
confirmation,3,14721,14820,14770.5,10,0.04388321449653821,0.09542475723335889,0.0029726748201178562,0.0009823476900517355
confirmation,3,14821,14920,14870.5,10,0.04377765112609805,0.09513018930575427,0.0033570353802078335,0.0011462630274702624
confirmation,3,14921,15020,14970.5,10,0.04366023473650365,0.09480911465005162,0.0031088538410074546,0.0012301424550123306
confirmation,3,15021,15120,15070.5,10,0.043528282681971994,0.09447056026858806,0.0036114655382688777,0.0012616421279502499
confirmation,3,15121,15220,15170.5,10,0.04317086668568774,0.09395900544651148,0.0026901605164975076,0.0014846338650595997
confirmation,3,15221,15320,15270.5,10,0.041810796104235506,0.0933436925442609,0.0022065474085262277,0.0016988229276500766
confirmation,3,15321,15420,15370.5,10,0.040887076731231244,0.09272113223935426,0.0031261228541740907,0.0018678196114385432
confirmation,3,15421,15520,15470.5,10,0.039223498333322546,0.09203696599393173,0.001988551429683777,0.0019847784349920268
confirmation,3,15521,15620,15570.5,10,0.038371076259959405,0.09145094772381504,0.002404409632381963,0.0021115030099291905
confirmation,3,15621,15720,15670.5,10,0.03856561013875373,0.09075553427408731,0.002527777724192707,0.0024269862713677047
confirmation,3,15721,15820,15770.5,10,0.03772109969871768,0.08983630071503049,0.0030763562692329013,0.002638527902431552
confirmation,3,15821,15920,15870.5,10,0.03740197647001905,0.08902972885303123,0.0029672668613182794,0.0029476936901998646
confirmation,3,15921,16020,15970.5,10,0.037035345379507575,0.08807574698024435,0.0037599931541817144,0.00343845026573272
confirmation,3,16021,16120,16070.5,10,0.03676893161194007,0.08686523032193515,0.0036362269449143714,0.0036410070054836317
confirmation,3,16121,16220,16170.5,10,0.036079947639704416,0.08543086092810116,0.0030351513138983668,0.004213323673360406
confirmation,3,16221,16320,16270.5,10,0.03540066864392877,0.08434467387369148,0.003202922903901892,0.004371661818831273
confirmation,3,16321,16420,16370.5,10,0.03396426905787312,0.08269152704529144,0.0034932517500860035,0.004635306023880099
confirmation,3,16421,16520,16470.5,10,0.0332327285225409,0.08092271154843159,0.002781382007527337,0.005268065397238122
confirmation,3,16521,16620,16570.5,10,0.03259048746384821,0.0793946041377029,0.00264799692959669,0.005750745890411446
confirmation,3,16621,16720,16670.5,10,0.032894403794291635,0.0782607990443349,0.00354595132745415,0.005633435740706394
confirmation,3,16721,16820,16770.5,10,0.03272971247602256,0.07684126895086411,0.0037379551075395136,0.005972079191318731
confirmation,3,16821,16920,16870.5,10,0.03152433396705977,0.07501334682574572,0.004001249833394214,0.00601125152323502
confirmation,3,16921,17020,16970.5,10,0.03169377853313276,0.07341707415775763,0.003311168507961195,0.0061172276074177075
confirmation,3,17021,17120,17070.5,10,0.030642590901131323,0.0717246507341467,0.00299613393072138,0.0068851423750578
confirmation,3,17121,17220,17170.5,10,0.03093416993552181,0.07048921993694404,0.00300106700713533,0.006793215433683338
confirmation,3,17221,17320,17270.5,10,0.029649762816857876,0.06871901416562175,0.003000359125097807,0.007104455544764679
confirmation,3,17321,17420,17370.5,10,0.02926198794110222,0.06729954654319845,0.0032002206939682693,0.0076014598034213985
confirmation,3,17421,17520,17470.5,10,0.02970429639899034,0.06675638469600934,0.002909877592052834,0.0076611307979519445
confirmation,3,17521,17540,17530.5,10,0.029031232946409267,0.0657571451708849,0.002901277259602216,0.00763150293698242
confirmation,4,17541,17640,17590.5,10,0.02871745924526791,0.06494663948686928,0.003528247630910303,0.007501175976483438
confirmation,4,17641,17740,17690.5,10,0.02605001837653902,0.06650297894727267,0.003360681926501774,0.006957082908086791
confirmation,4,17741,17840,17790.5,10,0.02527706419458638,0.07166392850588625,0.003632447905680082,0.005593824181503813
confirmation,4,17841,17940,17890.5,10,0.029101175152924142,0.07654962215730103,0.002776903768929505,0.0043310388366561365
confirmation,4,17941,18040,17990.5,10,0.03246542786992303,0.08067582305360801,0.0029601437100935575,0.0034614567113628626
confirmation,4,18041,18140,18090.5,10,0.03692782471585166,0.08404654863983207,0.002422259526721038,0.002737459822719125
confirmation,4,18141,18240,18190.5,10,0.04126901523497483,0.08675289402585425,0.0025347304290499195,0.0021751841845005907
confirmation,4,18241,18340,18290.5,10,0.04445474851227584,0.08893100149738453,0.002106174355262426,0.001769926145572767
confirmation,4,18341,18440,18390.5,10,0.04729271619989944,0.09068225821402255,0.0019288854489685843,0.001438585739103113
confirmation,4,18441,18540,18490.5,10,0.048727214897356416,0.0920148900457539,0.00199529379726945,0.0012367709609312236
confirmation,4,18541,18640,18590.5,10,0.05055320960948563,0.09315657988584694,0.002372057948105406,0.0010110617708584833
confirmation,4,18641,18740,18690.5,10,0.0507896824597064,0.09397703874674514,0.0032093532102637785,0.0009151856648321486
confirmation,4,18741,18840,18790.5,10,0.05226182801159422,0.09473187491269577,0.002873093285742971,0.0007678832273597614
confirmation,4,18841,18940,18890.5,10,0.05275264913589765,0.0952915030431878,0.002545443568858411,0.0006842402117943811
confirmation,4,18941,19040,18990.5,10,0.052440637301224426,0.09571001163244308,0.0030019034041798257,0.0006774641509673671
confirmation,4,19041,19140,19090.5,10,0.051933411664887075,0.09603600437370122,0.0036924556218272324,0.0006446336958577491
confirmation,4,19141,19240,19190.5,10,0.05191930075121868,0.09631152102893163,0.0030817831450469803,0.0006428253064038145
confirmation,4,19241,19340,19290.5,10,0.05225972287149866,0.09652652884962906,0.002378286618070022,0.0005976898557100529
confirmation,4,19341,19440,19390.5,10,0.052553272273023685,0.09673135433499974,0.002495048823132409,0.0005769909705100106
confirmation,4,19441,19540,19490.5,10,0.053045639918693474,0.09686897049768721,0.0034062462802029567,0.0005520506740266973
confirmation,4,19541,19640,19590.5,10,0.05275879268997084,0.09694191903588818,0.002869734835248222,0.0006075411481652012
confirmation,4,19641,19740,19690.5,10,0.052900649420048074,0.09706176706490711,0.0030393233649605184,0.0005999572301435374
confirmation,4,19741,19840,19790.5,10,0.053226233348093545,0.09711253323565454,0.002377726558290419,0.0006163672205549994
confirmation,4,19841,19940,19890.5,10,0.052798945295670696,0.0971721613093698,0.002893121890130489,0.0006037547633281697
confirmation,4,19941,20040,19990.5,10,0.05321187475122442,0.09722241141148089,0.0027002206685283847,0.0006245563205536543
confirmation,4,20041,20140,20090.5,10,0.05255664945204114,0.09721845158387094,0.0031635650766301277,0.0006226015774300819
confirmation,4,20141,20240,20190.5,10,0.05231242411409592,0.09719161915568823,0.0036510592313728704,0.0006860534038400295
confirmation,4,20241,20340,20290.5,10,0.052233125312209895,0.09722533837433445,0.0026445188512222227,0.0006529887826802437
confirmation,4,20341,20440,20390.5,10,0.05217329963075731,0.09718367526282583,0.002022881430941676,0.0007318598822476803
confirmation,4,20441,20540,20490.5,10,0.05153640548791849,0.09719965781329874,0.0024907734505516367,0.0006494033713823001
confirmation,4,20541,20640,20590.5,10,0.05097726171092783,0.09718897467422873,0.002156993364301923,0.0006622143063067036
confirmation,4,20641,20740,20690.5,10,0.050908827617717145,0.09713755165924867,0.0016840469180836764,0.0007203658779125878
confirmation,4,20741,20840,20790.5,10,0.051315399784176784,0.09713036716181901,0.0022342012322129554,0.0007187801528463844
confirmation,4,20841,20940,20890.5,10,0.051193176531801034,0.09705538460617967,0.002621320143811886,0.0007532753647651717
confirmation,4,20941,21040,20990.5,10,0.050604348079647865,0.09704451304689468,0.002726712151073101,0.0007445758116798809
confirmation,4,21041,21140,21090.5,10,0.051365108156591566,0.09699854454780216,0.002199135712714237,0.000770087358898986
confirmation,4,21141,21240,21190.5,10,0.05053289793068957,0.09695082540084747,0.002484385435039907,0.0007822105833553414
confirmation,4,21241,21340,21290.5,10,0.04931415172380094,0.09690183737134941,0.0019566086578959173,0.0007956216119902718
confirmation,4,21341,21440,21390.5,10,0.04926420275218071,0.09683832562229232,0.0020265749112260228,0.0007908235980237361
confirmation,4,21441,21540,21490.5,10,0.04926314761098695,0.09681691320746849,0.001961560481524925,0.0007825050425506117
confirmation,4,21541,21640,21590.5,10,0.0487344305269494,0.09671878117286034,0.002202906867232692,0.0007900254571249541
confirmation,4,21641,21740,21690.5,10,0.04887834195897901,0.09666953164612231,0.001713255001138609,0.0007322464325044821
confirmation,4,21741,21840,21790.5,10,0.04844537390599235,0.09656493942688953,0.0021635031715264074,0.0008704604849541
confirmation,4,21841,21940,21890.5,10,0.048538462205106,0.096453226945457,0.0017552466882830282,0.000945017074777159
confirmation,4,21941,22040,21990.5,10,0.0475835532003036,0.09632952593567123,0.0029604683616787876,0.0009389906381118015
confirmation,4,22041,22140,22090.5,10,0.047483233380936865,0.09627634992084727,0.0031748444579277374,0.0009228648001469945
confirmation,4,22141,22240,22190.5,10,0.04780103407379708,0.09616971412644205,0.0028077379938496465,0.0009045161869540565
confirmation,4,22241,22340,22290.5,10,0.04692501231263342,0.09591295540782142,0.0027680991652913427,0.0009438260130080859
confirmation,4,22341,22440,22390.5,10,0.04676071864938721,0.09578140783178454,0.0033113569912348925,0.0009944957474454287
confirmation,4,22441,22540,22490.5,10,0.04662527159807898,0.09550931687986584,0.0027098668542427863,0.0010419623741812906
confirmation,4,22541,22640,22590.5,10,0.046010865256710984,0.09523179327666394,0.002756514244097406,0.0011693870294306288
confirmation,4,22641,22740,22690.5,10,0.04543996849426736,0.09500755639312297,0.0023521496617115276,0.0012839968408551708
confirmation,4,22741,22840,22790.5,10,0.04584378028653393,0.0949323041373732,0.002838639679382692,0.0012384329345008634
confirmation,4,22841,22940,22890.5,10,0.04629371454241697,0.0947800914616816,0.0020942367802858214,0.0011937705282257774
confirmation,4,22941,23040,22990.5,10,0.04603193826284078,0.09465182264093933,0.002042016195570097,0.0011542030163258362
confirmation,4,23041,23140,23090.5,10,0.0458175487192272,0.09442550872038423,0.0021785807032108253,0.0011816341520412778
confirmation,4,23141,23240,23190.5,10,0.04488637926251232,0.09405175342877983,0.0024873719444609733,0.001331147357146384
confirmation,4,23241,23340,23290.5,10,0.04526965151214898,0.09377812548053929,0.003147481081497326,0.0014062682133027223
confirmation,4,23341,23440,23390.5,10,0.04437850778577823,0.09330283733684742,0.0024085660834175866,0.0016129256906008927
confirmation,4,23441,23540,23490.5,10,0.04459412547529522,0.09298855889252788,0.002424780651726399,0.0016427985653720196
confirmation,4,23541,23640,23590.5,10,0.04348065375474666,0.09255560841344943,0.0032176520278256755,0.0018642118739192444
confirmation,4,23641,23740,23690.5,10,0.04297279782756367,0.09194506415956728,0.002796102232457349,0.002182770630231934
confirmation,4,23741,23840,23790.5,10,0.04161817485371533,0.09122451893916021,0.0029202353180302508,0.002183420849462705
confirmation,4,23841,23940,23890.5,10,0.04065489262713885,0.09071042619865903,0.0029465604074191544,0.002088422335410384
confirmation,4,23941,24040,23990.5,10,0.04091240286593205,0.09040009549355008,0.002398142928739904,0.0020212046026264006
confirmation,4,24041,24140,24090.5,10,0.040960163225032,0.08967577853182293,0.0024719082531659917,0.002193742886857591
confirmation,4,24141,24240,24190.5,10,0.04069235224759615,0.08904461141588926,0.0020374715724041964,0.0019536480959372144
confirmation,4,24241,24340,24290.5,10,0.04067300558119446,0.08839079141132826,0.0028763047836374575,0.0023174271310442444
confirmation,4,24341,24440,24390.5,10,0.04005163276126526,0.08751204070946224,0.0022421425993347705,0.0025238012208729324
confirmation,4,24441,24540,24490.5,10,0.03905571331610517,0.08634855876261371,0.0017836949700944967,0.0026372840831685755
confirmation,4,24541,24640,24590.5,10,0.03940057445181675,0.08588241007589276,0.0017399758733723234,0.002654972950553715
confirmation,4,24641,24740,24690.5,10,0.03953867026863782,0.0851658610806037,0.0017999105254887372,0.002731607569263984
confirmation,4,24741,24840,24790.5,10,0.03899005052127559,0.08401495898267808,0.002095231778183301,0.003145507796640322
confirmation,4,24841,24940,24890.5,10,0.039427877559624555,0.08291475951008191,0.0016747232686379174,0.0030830216560180754
confirmation,4,24941,25040,24990.5,10,0.03905993633975145,0.0818442069038963,0.0024135464613307166,0.00321272725058417
confirmation,4,25041,25140,25090.5,10,0.03895884769416958,0.080580305195189,0.002104431801542033,0.00337886043324107
confirmation,4,25141,25240,25190.5,10,0.038608387202889685,0.07873091926752598,0.0024544191355850885,0.004216628619108073
confirmation,4,25241,25340,25290.5,10,0.03661378743049285,0.07690865533691728,0.0020331366840089966,0.004202501235599203
confirmation,4,25341,25440,25390.5,10,0.03604909067267277,0.07566336570450322,0.002316362860608267,0.004397605035573331
confirmation,4,25441,25540,25490.5,10,0.03550745313412979,0.07439407811629525,0.0020908690512697137,0.004572387606858577
confirmation,4,25541,25640,25590.5,10,0.03476624516470364,0.07270259621984256,0.0013938860227739741,0.0043763814021956565
confirmation,4,25641,25740,25690.5,10,0.0339269913439631,0.0705711054259964,0.0016135766554708705,0.0047272851777022465
confirmation,4,25741,25840,25790.5,10,0.03385339906952471,0.06919301918577697,0.00198482994195171,0.004788900980861834
confirmation,4,25841,25940,25890.5,10,0.034513234699428144,0.06835746255830183,0.002264571348938218,0.00480738444829349
confirmation,4,25941,26040,25990.5,10,0.03462052494644261,0.06704385229839072,0.0018721683807637302,0.004835050041682743
confirmation,4,26041,26140,26090.5,10,0.03387387937420725,0.0650724276490842,0.00204642745207197,0.005605194455742708
confirmation,4,26141,26240,26190.5,10,0.03362748835042402,0.06402684434970395,0.0021280066944918655,0.00519354794374983
confirmation,4,26241,26340,26290.5,10,0.03325758000253245,0.06198172593940884,0.002065654873054597,0.005287332313106897
confirmation,4,26341,26440,26390.5,10,0.03342838784300226,0.059640995102874704,0.00219467871641285,0.005870448336095769
confirmation,4,26441,26540,26490.5,10,0.033706240882677506,0.05770461407127192,0.0019425469147210715,0.00612385797081985
confirmation,4,26541,26640,26590.5,10,0.03373650356437808,0.05564908279479046,0.0023225710311022656,0.006546707684695675
confirmation,4,26641,26740,26690.5,10,0.03319500566436997,0.053427821414595525,0.0023581593630859848,0.007262915907571294
confirmation,4,26741,26840,26790.5,10,0.0326545288853627,0.052076343592770545,0.00243677356295516,0.007397081007185426
confirmation,4,26841,26940,26890.5,10,0.032098395231625734,0.050440497264234496,0.002593453622215082,0.00759063606830451
confirmation,4,26941,27040,26990.5,10,0.0312089222218712,0.04890173482746798,0.002933763203403362,0.00775771563571152
confirmation,4,27041,27140,27090.5,10,0.030525690073214366,0.047846676703382815,0.0031549027297939156,0.0069619075561861395
confirmation,4,27141,27240,27190.5,10,0.029009910653505583,0.04588186533334904,0.0034676374050335627,0.007862588449373932
confirmation,4,27241,27340,27290.5,10,0.02936504461220683,0.04538961505156253,0.0035550459002046337,0.007926334478339916
confirmation,5,27341,27440,27390.5,10,0.029318117557273933,0.04506351094256656,0.0032259948239365135,0.008616580819122845
confirmation,5,27441,27540,27490.5,10,0.025737260361696802,0.04635093648508342,0.0033341870313728923,0.007567880801775638
confirmation,5,27541,27640,27590.5,10,0.02453833822886103,0.05460112612900705,0.0037081729039374254,0.00571321482037628
confirmation,5,27641,27740,27690.5,10,0.02507146764125141,0.06244534954580808,0.003318349294352513,0.004382088958499473
confirmation,5,27741,27840,27790.5,10,0.027149626396467407,0.068966346221978,0.0032468464138831897,0.0034317228400900113
confirmation,5,27841,27940,27890.5,10,0.030785555143976313,0.07442864212644526,0.0030175596069327583,0.0026985781422485746
confirmation,5,27941,28040,27990.5,10,0.0342344034885877,0.07883237244400733,0.0022492414594099744,0.002124859785990489
confirmation,5,28041,28140,28090.5,10,0.03752406091432141,0.0823638793031266,0.0022700987326986543,0.001659165201725756
confirmation,5,28141,28240,28190.5,10,0.04042968887353446,0.08517916161956289,0.0013634101862128642,0.001326304403700706
confirmation,5,28241,28340,28290.5,10,0.04320721632525222,0.08751271669152051,0.002517219846971156,0.0011252082698988328
confirmation,5,28341,28440,28390.5,10,0.045046941883316885,0.08934502160927736,0.002090830573090983,0.0009530419832691701
confirmation,5,28441,28540,28490.5,10,0.047240883512139856,0.0908077262188002,0.0016488401571062687,0.0008394837726635981
confirmation,5,28541,28640,28590.5,10,0.04731690844469349,0.09190712578766524,0.0014232152819376826,0.0007229337464249388
confirmation,5,28641,28740,28690.5,10,0.048111812320019154,0.09283151239382512,0.001355308324991417,0.0007749614760599842
confirmation,5,28741,28840,28790.5,10,0.04800786237229201,0.09353449245425317,0.0017344023869712293,0.000769177271479465
confirmation,5,28841,28940,28890.5,10,0.0480639158551178,0.09410312938909196,0.001952018202580276,0.0007894744348166693
confirmation,5,28941,29040,28990.5,10,0.04844048777434407,0.094556616969716,0.001959025890002899,0.0007933327746111211
confirmation,5,29041,29140,29090.5,10,0.04798276361934601,0.09491077144844054,0.0020227132671578702,0.0007509660905468348
confirmation,5,29141,29240,29190.5,10,0.047381371632826644,0.09517342958466829,0.0018596115333379879,0.0007171338874031792
confirmation,5,29241,29340,29290.5,10,0.04802259393786747,0.0954371422203498,0.0020607201808511234,0.0007337967819135559
confirmation,5,29341,29440,29390.5,10,0.04778351843050148,0.09560391108372039,0.002139510430809971,0.0007703597674845671
confirmation,5,29441,29540,29490.5,10,0.04800793421823868,0.09568114796099235,0.0013732619458459942,0.0008104861643738893
confirmation,5,29541,29640,29590.5,10,0.0483695635589386,0.09571673192471986,0.002073015714652108,0.0008678094958651305
confirmation,5,29641,29740,29690.5,10,0.04907601529954841,0.095808079598567,0.0014486957478954403,0.0008307308995282602
confirmation,5,29741,29840,29790.5,10,0.048788341864459614,0.09585790501187583,0.001210039762948443,0.0008277713733644993
confirmation,5,29841,29940,29890.5,10,0.0485701699757901,0.0958244587772312,0.002138200506285426,0.0009136589676355007
confirmation,5,29941,30040,29990.5,10,0.048841361357248196,0.09585919263772569,0.002291703360212146,0.0008824680893642073
confirmation,5,30041,30140,30090.5,10,0.0487853256697917,0.09574737236780696,0.002095831213481416,0.0009007325803302787
confirmation,5,30141,30240,30190.5,10,0.0498725874863332,0.09575124133980255,0.0024984826983509433,0.0009538537829864918
confirmation,5,30241,30340,30290.5,10,0.04863147278609211,0.09562171883934936,0.0024087880047332557,0.0010754199419175778
confirmation,5,30341,30440,30390.5,10,0.04820361000678007,0.09555805941541125,0.0019369035260613243,0.001139479436782668
confirmation,5,30441,30540,30490.5,10,0.048803378873419526,0.09558999446789455,0.0014852466949306876,0.0011294748799647225
confirmation,5,30541,30640,30590.5,10,0.048556650836858964,0.09555108783387417,0.0015342878996497163,0.0010526664432932687
confirmation,5,30641,30740,30690.5,10,0.04881427590697432,0.09560596363013496,0.0025138352842218677,0.0011043611778512779
confirmation,5,30741,30840,30790.5,10,0.04817305042405533,0.09537957966049336,0.002038243698927915,0.001112753106570215
confirmation,5,30841,30940,30890.5,10,0.04850911603667191,0.09526270865674313,0.0015590433057240988,0.0011009703304756964
confirmation,5,30941,31040,30990.5,10,0.047908125799528425,0.09532178606830702,0.0022599362919291156,0.001093518195158442
confirmation,5,31041,31140,31090.5,10,0.0478901891932983,0.09517075042295695,0.003198136348454451,0.0012812261454064337
confirmation,5,31141,31240,31190.5,10,0.04749353025854934,0.09497727255671196,0.0034695269690924856,0.001419400421185177
confirmation,5,31241,31340,31290.5,10,0.0476036026072895,0.09492965298174189,0.0028589895358963903,0.0013622658226925004
confirmation,5,31341,31440,31390.5,10,0.047235961667627016,0.09482429208930171,0.0021622224625614324,0.0013355775110255096
confirmation,5,31441,31540,31490.5,10,0.04706064702028477,0.09466296249464624,0.0024972736131324224,0.0014739357741102687
confirmation,5,31541,31640,31590.5,10,0.04632630368685804,0.09449592362770994,0.0018742326633698768,0.0013380958851296912
confirmation,5,31641,31740,31690.5,10,0.046417048898001564,0.09437014010354534,0.0020872864625029013,0.0014155220707126315
confirmation,5,31741,31840,31790.5,10,0.04560231091370061,0.0941629675180473,0.0033662013997396117,0.0014103281785678135
confirmation,5,31841,31940,31890.5,10,0.04570544550672112,0.0941774544663537,0.0029088077858188473,0.0013362474184534226
confirmation,5,31941,32040,31990.5,10,0.046483815228815575,0.09410094725193999,0.00237542819155236,0.0012840001150585044
confirmation,5,32041,32140,32090.5,10,0.04606766706195049,0.09385621064611421,0.003041495908213752,0.0013525737342446264
confirmation,5,32141,32240,32190.5,10,0.04593032841438458,0.09383536379554362,0.002839895738779528,0.0012900745021297618
confirmation,5,32241,32340,32290.5,10,0.04635173248516733,0.09375605417518712,0.002427854976258014,0.001178246000647382
confirmation,5,32341,32440,32390.5,10,0.046454632694123185,0.09357362480625128,0.0024635477342712696,0.001192867371203145
confirmation,5,32441,32540,32490.5,10,0.04592750727476841,0.09332762043218897,0.002686977583173573,0.001371473428806031
confirmation,5,32541,32640,32590.5,10,0.04536501661703362,0.09299720362356331,0.002771603822349907,0.0013717040035193383
confirmation,5,32641,32740,32690.5,10,0.0450348121018258,0.09285135300741724,0.003330314323916435,0.001318917828803226
confirmation,5,32741,32840,32790.5,10,0.04530863155235833,0.09266949438366216,0.0033534640674224374,0.0013063587616133953
confirmation,5,32841,32940,32890.5,10,0.04507480644449317,0.09229827404999363,0.0024066193086446923,0.0013735465260727758
confirmation,5,32941,33040,32990.5,10,0.04520764565305674,0.09209626023137245,0.002598532398133663,0.0014314475186803137
confirmation,5,33041,33140,33090.5,10,0.044749097952925296,0.09198866353359778,0.0023289936710753772,0.001374596733422855
confirmation,5,33141,33240,33190.5,10,0.044176682159562254,0.09161019348211591,0.0024888083442861186,0.001398614256415001
confirmation,5,33241,33340,33290.5,10,0.0444105600680822,0.09134271254361973,0.0020595929792945624,0.001608711548416926
confirmation,5,33341,33440,33390.5,10,0.04406852371837441,0.09107336337725827,0.0027886554000658044,0.001476669771690542
confirmation,5,33441,33540,33490.5,10,0.043087693677899705,0.09077934001128414,0.0023975292749907756,0.0014652811603133632
confirmation,5,33541,33640,33590.5,10,0.043657496700672684,0.09043860756658528,0.0020205636548399075,0.0014842642341303671
confirmation,5,33641,33740,33690.5,10,0.04280332584447829,0.09009407215761811,0.0015519473079267307,0.0015220690574383963
confirmation,5,33741,33840,33790.5,10,0.04222286021574448,0.08977250549543576,0.0016953146187348165,0.0017418657373401182
confirmation,5,33841,33940,33890.5,10,0.04219507769191758,0.08915185308432895,0.0016901781500740357,0.001928781138376983
confirmation,5,33941,34040,33990.5,10,0.04273744896786411,0.08859015904053648,0.0025022173340371336,0.001968362714116013
confirmation,5,34041,34140,34090.5,10,0.04331112666495141,0.08835029659891189,0.002918920987321744,0.001852893152985931
confirmation,5,34141,34240,34190.5,10,0.04299196186660461,0.08794014184066422,0.0023630670578878607,0.0021212574496677146
confirmation,5,34241,34340,34290.5,10,0.04216140939125718,0.08714899368665849,0.0027868482759027652,0.0018393031894236964
confirmation,5,34341,34440,34390.5,10,0.04145374426593862,0.08654040066386773,0.0028262469096356426,0.0023020639395885866
confirmation,5,34441,34540,34490.5,10,0.04000113317965563,0.08571779907139712,0.002732137185572264,0.0022494307568591125
confirmation,5,34541,34640,34590.5,10,0.0403837860497214,0.08507994593717574,0.001787176256097867,0.0019340304844624725
confirmation,5,34641,34740,34690.5,10,0.04036998949806767,0.08451547340104068,0.001767823681202389,0.0020998473285926563
confirmation,5,34741,34840,34790.5,10,0.03993957667795453,0.08390477485403,0.0020595084170071834,0.002377058961064784
confirmation,5,34841,34940,34890.5,10,0.03899726403587002,0.08299512763818226,0.002304929969505447,0.002273934275403698
confirmation,5,34941,35040,34990.5,10,0.038755757064260446,0.08233008913724668,0.002220008207474298,0.0024278943357058822
confirmation,5,35041,35140,35090.5,10,0.038056807373987214,0.0816555129479721,0.002391365006284495,0.002261137713775179
confirmation,5,35141,35240,35190.5,10,0.038806577699155,0.08130931405556381,0.0032151395846519056,0.0025189118235862426
confirmation,5,35241,35340,35290.5,10,0.03972952866746798,0.08089730018770713,0.003695247177283407,0.0025252989828827136
confirmation,5,35341,35440,35390.5,10,0.040021138868236425,0.07982720997305975,0.002418532643796985,0.002394569747772064
confirmation,5,35441,35540,35490.5,10,0.03931157557876355,0.07879614671854174,0.0028198350427435545,0.0026681892082727125
confirmation,5,35541,35640,35590.5,10,0.03823196437911021,0.0775747401367354,0.0029147808446905485,0.002674434171357221
confirmation,5,35641,35740,35690.5,10,0.038190387155265224,0.07711802800349209,0.002652429685744907,0.00270085886661398
confirmation,5,35741,35840,35790.5,10,0.03734579744679338,0.07602995876677784,0.002702866362544272,0.0026107698919525238
confirmation,5,35841,35940,35890.5,10,0.03720432287165766,0.07466380470635481,0.0024439783385752935,0.0029219255519076213
confirmation,5,35941,36040,35990.5,10,0.036332787255424895,0.07331264038234794,0.0019950910880672567,0.002867869664008976
confirmation,5,36041,36140,36090.5,10,0.035345894533446734,0.07170881899329587,0.0023818434188278303,0.0030382695783164665
confirmation,5,36141,36240,36190.5,10,0.035207958543961686,0.07026811622209916,0.0025834788358633214,0.003468326915070214
confirmation,5,36241,36340,36290.5,10,0.03529971483195319,0.0697227371160977,0.0025174671376574638,0.003870841387894893
confirmation,5,36341,36440,36390.5,10,0.035156577816976856,0.06886351537102535,0.003318363423931134,0.0034987934171046347
confirmation,5,36441,36540,36490.5,10,0.0348595873209393,0.06823132907388879,0.0037460640348086225,0.003738250915746193
confirmation,5,36541,36640,36590.5,10,0.03512984541479428,0.06678316121169785,0.0031354820036471366,0.00411708931667292
confirmation,5,36641,36740,36690.5,10,0.03426355963090248,0.06541433461040265,0.0028786705202713666,0.0036681641878819975
confirmation,5,36741,36840,36790.5,10,0.03376629542416863,0.06386221738408016,0.002444978182095669,0.003027444593745013
confirmation,5,36841,36940,36890.5,10,0.032971840430465096,0.061720486392547694,0.0022023263530727634,0.002916251957709403
confirmation,5,36941,37040,36990.5,10,0.03264277767242229,0.06034351750871438,0.0021164841698541165,0.0030743889506810213
confirmation,5,37041,37140,37090.5,10,0.03207465161938675,0.058649924467982596,0.0015402935492911543,0.0033668281321267905
confirmation,5,37141,37240,37190.5,10,0.03162840046997374,0.05712649953581045,0.002051209152849375,0.003687453522144725
confirmation,5,37241,37340,37290.5,10,0.030982082868798923,0.0558119297491597,0.0015528217991619996,0.0037515973517837464
confirmation,5,37341,37440,37390.5,10,0.03088208832667545,0.05478601806472977,0.001056390357857492,0.004032351892010754
confirmation,5,37441,37540,37490.5,10,0.03034652780561034,0.052669721327336085,0.0017592574141011663,0.004747924371809114
confirmation,5,37541,37640,37590.5,10,0.030388264349780904,0.051582872395210345,0.0016280706312160169,0.00523840197528248
confirmation,5,37641,37740,37690.5,10,0.02933604127631585,0.049875026332167026,0.001508689831286322,0.004499694923943089
confirmation,5,37741,37840,37790.5,10,0.028745700743307102,0.04743929831974984,0.0020882880579630395,0.00420866866404011
confirmation,5,37841,37940,37890.5,10,0.02937172961850637,0.046411755326607865,0.002079365600422653,0.0036215708240126612
confirmation,5,37941,38040,37990.5,10,0.029201754111123263,0.04509659750056077,0.002645512968202504,0.003953574472063597
confirmation,5,38041,38140,38090.5,10,0.028669837939176917,0.04405879323943365,0.0026828316770354157,0.003930490891548266
confirmation,5,38141,38240,38190.5,10,0.028568621431460002,0.04172541765906309,0.002011962940818519,0.00531407000736111
confirmation,5,38241,38340,38290.5,10,0.028953264523442525,0.0403121544316937,0.002196570817646274,0.00552556802233725
confirmation,5,38341,38440,38390.5,10,0.02833045346692812,0.03908167406195106,0.0023417991859959156,0.005786852240461244
confirmation,5,38441,38540,38490.5,10,0.028810159806287983,0.03896189875310558,0.0028078791368402597,0.005949034599625285
confirmation,5,38541,38640,38590.5,10,0.029248379469490483,0.038646218364109794,0.0021233332828850767,0.00619746762750711
confirmation,5,38641,38740,38690.5,10,0.028722983189348582,0.03766632340018039,0.002316484356320956,0.005894336800931534
confirmation,5,38741,38840,38790.5,10,0.029083086126737007,0.03706806536888093,0.0030359040794059257,0.0058645690781447095
confirmation,5,38841,38940,38890.5,10,0.02926055545839955,0.03634787041514662,0.0027542997559668984,0.006596036850588597
confirmation,5,38941,39040,38990.5,10,0.028902266558072952,0.035603130594257286,0.0027738881651068878,0.00667782569546821
confirmation,5,39041,39120,39080.5,10,0.028702832275731237,0.03507523553387187,0.002130768779531702,0.0065340641021468466
transfer,1,1,100,50.5,10,0.0319628919281553,0.0319628919281553,0.0,0.0
transfer,1,101,200,150.5,10,0.044399187765760365,0.04538474007514865,0.0003439668938458703,4.719897118204628e-05
transfer,1,201,300,250.5,10,0.05418031689344425,0.05614511473742042,0.0005370880775263122,7.224607606742876e-05
transfer,1,301,400,350.5,10,0.06165272121505131,0.06472862263973744,0.0007653489434774096,0.0001109074765997764
transfer,1,401,500,450.5,10,0.06709197475208138,0.07155451940953217,0.0011800081837107855,0.00012212872551106767
transfer,1,501,600,550.5,10,0.07093344268849669,0.07698661890308585,0.0015529381970640307,0.000150181845490533
transfer,1,601,700,650.5,10,0.073550106306605,0.08129916111533271,0.002332032955984947,0.00018487470270451048
transfer,1,701,800,750.5,10,0.07516342193583674,0.08473936697106123,0.0024996106674537552,0.00020569521126689657
transfer,1,801,900,850.5,10,0.07655852458310684,0.08748440150548169,0.0021913554118715055,0.00022587637673098277
transfer,1,901,1000,950.5,10,0.0768706920787154,0.08962104610652717,0.0024763537105757915,0.000255397986632422
transfer,1,1001,1100,1050.5,10,0.07632449242579992,0.09127113803989023,0.0025404522531172315,0.00027126693186429183
transfer,1,1101,1200,1150.5,10,0.07582331234358251,0.09253099571919673,0.0026105206947052498,0.00030159477995428315
transfer,1,1201,1300,1250.5,10,0.07548751495863247,0.0935510904194436,0.0021180447397033714,0.0003003492342616782
transfer,1,1301,1400,1350.5,10,0.07533847662121432,0.09434539269631595,0.002138540789889165,0.00032568462774316845
transfer,1,1401,1500,1450.5,10,0.07447961042868266,0.09487448108989735,0.0019439785753608847,0.0004648322763332344
transfer,1,1501,1600,1550.5,10,0.07299588271519798,0.09526119901424109,0.002601517569352697,0.00042082640101255445
transfer,1,1601,1700,1650.5,10,0.07157928520299031,0.09549828653736674,0.0034687045048256353,0.0005190597167040605
transfer,1,1701,1800,1750.5,10,0.07108398258479164,0.09569818529292327,0.0037136522391050157,0.0005821712271487138
transfer,1,1801,1900,1850.5,10,0.07035984641020433,0.09577399246954785,0.0033778442657141344,0.00065524154952123
transfer,1,1901,2000,1950.5,10,0.0692932839559033,0.09583963072109687,0.0039987125055697395,0.0007203858752120722
transfer,1,2001,2100,2050.5,10,0.06816010055147924,0.09577571407857143,0.003927904104344075,0.0007855936143656141
transfer,1,2101,2200,2150.5,10,0.06739620630993146,0.09566161427291335,0.00408533426002575,0.000840460509468415
transfer,1,2201,2300,2250.5,10,0.0668114082995539,0.09552224842348613,0.0036264398381110952,0.000850140585765785
transfer,1,2301,2400,2350.5,10,0.06540902343908098,0.09533889118692909,0.003692858445145345,0.00093152213018186
transfer,1,2401,2500,2450.5,10,0.06447643045995896,0.09516204074282149,0.003400182472258863,0.0010151140826418934
transfer,1,2501,2600,2550.5,10,0.06367271462022724,0.09482970324019627,0.003200524699058449,0.0010669861528075288
transfer,1,2601,2700,2650.5,10,0.06220165119430091,0.0943560202941465,0.0032931205287798616,0.001243049145239561
transfer,1,2701,2800,2750.5,10,0.061289392879269156,0.09397694584314023,0.003828595404905101,0.001288975011832124
transfer,1,2801,2900,2850.5,10,0.05960487980554698,0.09345107755598173,0.002778449494567923,0.0014654396669545966
transfer,1,2901,3000,2950.5,10,0.0582370500103768,0.09293310555718978,0.002802990846714487,0.0018015859415368618
transfer,1,3001,3100,3050.5,10,0.05766007488683694,0.09260242220175705,0.002298946238477706,0.0019880511577603267
transfer,1,3101,3200,3150.5,10,0.05695971492862763,0.09221450154010451,0.0024280497992133945,0.002138729948913732
transfer,1,3201,3300,3250.5,10,0.05581609200182537,0.0915603662362384,0.0031001228344732313,0.0024076370293906286
transfer,1,3301,3400,3350.5,10,0.0554185359795256,0.09115702420989917,0.0020598495088369403,0.002342554012177415
transfer,1,3401,3500,3450.5,10,0.05421947236495418,0.09072691385786161,0.001963436448674283,0.0026795378323203186
transfer,1,3501,3600,3550.5,10,0.0529045155607198,0.09005572227084349,0.0022091382281621626,0.0026735379821834653
transfer,1,3601,3700,3650.5,10,0.05138452079018664,0.08937877705492496,0.001890450899989876,0.002980156496751369
transfer,1,3701,3800,3750.5,10,0.05127357850408838,0.08909579024694368,0.0030600870679879577,0.0030617548423389177
transfer,1,3801,3880,3840.5,10,0.0497396148879294,0.08873830125972812,0.003689900587703744,0.0033202614018026577
transfer,2,3881,3980,3930.5,10,0.04989545117125045,0.08859906555030586,0.0036187555093057846,0.003425783314101767
transfer,2,3981,4080,4030.5,10,0.053109937436764856,0.08995856849527528,0.0032615291534906733,0.0030194694871776037
transfer,2,4081,4180,4130.5,10,0.056414740466846594,0.09129676306195678,0.00302960024789734,0.0025046053427471315
transfer,2,4181,4280,4230.5,10,0.05992235284336628,0.09251869847567402,0.002802389304106449,0.0020783810012296004
transfer,2,4281,4380,4330.5,10,0.06342352317782521,0.09359464065914765,0.0026421644247271287,0.0016809237882748963
transfer,2,4381,4480,4430.5,10,0.06612429631716377,0.09445367261165111,0.002709390404838814,0.001400650805130594
transfer,2,4481,4580,4530.5,10,0.06785768334162907,0.09509057625313891,0.0025484359343533425,0.0011802305486012347
transfer,2,4581,4680,4630.5,10,0.06934590668900709,0.09559170193231323,0.0025427341228117474,0.0010305590905602799
transfer,2,4681,4780,4730.5,10,0.0704213210298912,0.09594365223629393,0.002522050867570767,0.0009500274246076205
transfer,2,4781,4880,4830.5,10,0.07095592011379606,0.09622716525450209,0.002288506524117852,0.0008215780669626458
transfer,2,4881,4980,4930.5,10,0.07088899529554363,0.09642406472434865,0.002380107357249933,0.0007543739097069545
transfer,2,4981,5080,5030.5,10,0.0713533383242629,0.09661509856423668,0.00222986998884666,0.0007472157915221044
transfer,2,5081,5180,5130.5,10,0.0710977976000862,0.0966746046512734,0.0027907233527471476,0.0007191763658296324
transfer,2,5181,5280,5230.5,10,0.07118840675456169,0.09672592046399378,0.002920599916691614,0.000767191450547794
transfer,2,5281,5380,5330.5,10,0.07060887982200917,0.09673138539483336,0.0029702686384878367,0.0008201612652862892
transfer,2,5381,5480,5430.5,10,0.0697708541449826,0.09667494934087713,0.0035999765073364467,0.0008628124343014565
transfer,2,5481,5580,5530.5,10,0.06978320561372217,0.09665558047567457,0.0034694153141850625,0.0008154773363571868
transfer,2,5581,5680,5630.5,10,0.0689308563471349,0.0966027058532212,0.0026966635259039733,0.0007873413550423425
transfer,2,5681,5780,5730.5,10,0.06874115932886381,0.09653760868281153,0.00327124149155633,0.0008936116210947685
transfer,2,5781,5880,5830.5,10,0.06812319002256181,0.09641506100100093,0.002870012836022529,0.0008217466488453728
transfer,2,5881,5980,5930.5,10,0.06778828168717277,0.09633270379906698,0.002310366357505805,0.0008173922703582397
transfer,2,5981,6080,6030.5,10,0.06767231852736752,0.09618318976567372,0.0024702749456829093,0.0009166943365773718
transfer,2,6081,6180,6130.5,10,0.06742974703870666,0.09602339405102353,0.0026956468912436413,0.0009577029436873845
transfer,2,6181,6280,6230.5,10,0.06706567042286457,0.09591017779824966,0.0029318440886945737,0.0010396055963010644
transfer,2,6281,6380,6330.5,10,0.06666939860030399,0.09577796951808511,0.0024838649014321287,0.0010431029153225068
transfer,2,6381,6480,6430.5,10,0.06543211665911393,0.09547958562472265,0.0031257194977006445,0.0012348896820343104
transfer,2,6481,6580,6530.5,10,0.06441072921282259,0.095307288943228,0.002307548487112811,0.0010791069449980727
transfer,2,6581,6680,6630.5,10,0.06454782868754115,0.09519732237174763,0.0019553734451225302,0.001120971186272137
transfer,2,6681,6780,6730.5,10,0.06492233924952703,0.09506996507091242,0.0016582948930096888,0.0011307040499010008
transfer,2,6781,6880,6830.5,10,0.06464317206082118,0.09496024315430482,0.0022701681331240143,0.001138134834296316
transfer,2,6881,6980,6930.5,10,0.06402606987157214,0.09463755879674908,0.002076747465438787,0.001196337427510951
transfer,2,6981,7080,7030.5,10,0.06394999891679079,0.09440539425397734,0.001889948042271296,0.001229704667425908
transfer,2,7081,7180,7130.5,10,0.0631227128120466,0.0940021376392434,0.002080739177311034,0.0012921353133699656
transfer,2,7181,7280,7230.5,10,0.06250244819610208,0.09374711253350713,0.00204168257242328,0.0014646200480746693
transfer,2,7281,7380,7330.5,10,0.06247437224331613,0.09346451721203529,0.001999084517475295,0.001448729433740087
transfer,2,7381,7480,7430.5,10,0.062074039051869936,0.09322295619402504,0.001818984130487027,0.0013708119285310485
transfer,2,7481,7580,7530.5,10,0.060766538872704536,0.09277548499173191,0.0020874847998862693,0.0012930699287896663
transfer,2,7581,7680,7630.5,10,0.06001442637876682,0.09241955577279364,0.0017792449435703986,0.001257380165802882
transfer,2,7681,7780,7730.5,10,0.060122329158381636,0.0921853380778002,0.0017580805330257936,0.0013910481249754675
transfer,2,7781,7880,7830.5,10,0.05987821980088208,0.09174405776442043,0.001606634947078889,0.001623443835023647
transfer,2,7881,7980,7930.5,10,0.05843526370643385,0.0911165535360962,0.001257444850244941,0.0017809864326848428
transfer,2,7981,8080,8030.5,10,0.05852016603228318,0.09075394470109498,0.001653019608407136,0.0018752317623118178
transfer,2,8081,8180,8130.5,10,0.057432931856143586,0.09027183364229154,0.002482479191146378,0.001856573849361704
transfer,2,8181,8280,8230.5,10,0.05614808215033508,0.08956138859780478,0.0020435236685554187,0.002197148379414148
transfer,2,8281,8380,8330.5,10,0.05561510822268671,0.08879858761336573,0.002432425714979999,0.0025259852494638186
transfer,2,8381,8480,8430.5,10,0.054147326300007036,0.08817787954239156,0.002242871567519158,0.0024766946213781757
transfer,2,8481,8580,8530.5,10,0.05341617341190856,0.08743305488243827,0.0020122131177481993,0.003153263001449042
transfer,2,8581,8680,8630.5,10,0.052911998799925475,0.08660896545401717,0.0015381333791176747,0.003150006096143109
transfer,2,8681,8780,8730.5,10,0.052052710914188415,0.08589777341634158,0.0022543432720702576,0.003519461521270356
transfer,2,8781,8880,8830.5,10,0.05225746851410654,0.08552725673999728,0.001853313518269801,0.0036182309662201283
transfer,2,8881,8980,8930.5,10,0.05184422679107485,0.08488442518041407,0.0019830105888999105,0.0038066900674541566
transfer,2,8981,9080,9030.5,10,0.052591398768044736,0.08470519254412015,0.0015917439037881188,0.0033535308646576597
transfer,2,9081,9180,9130.5,10,0.051075068393871305,0.08370106340963401,0.001861451092484928,0.0034377918271389645
transfer,2,9181,9280,9230.5,10,0.050514264643630825,0.08302091922934297,0.0020856667328698945,0.003749862706757408
transfer,2,9281,9380,9330.5,10,0.05058288608927397,0.08275176806357061,0.0013187225099217993,0.004350715144435321
transfer,2,9381,9480,9430.5,10,0.049891795209146626,0.0823403221788995,0.0023678997247247864,0.00433144206658144
transfer,2,9481,9580,9530.5,10,0.04929688605344507,0.08181732840020102,0.0026319183795410804,0.004453136893298052
transfer,2,9581,9680,9630.5,10,0.04900428901350234,0.08118175525219637,0.002111632268911154,0.005095461847456219
transfer,2,9681,9720,9700.5,10,0.048395739270959234,0.08088796663403618,0.001973824101944031,0.0052283223835699584
transfer,3,9721,9820,9770.5,10,0.04731316613386029,0.08029791613779785,0.002464823998005777,0.0053147598034681606
transfer,3,9821,9920,9870.5,10,0.04652773460236205,0.081417965929705,0.0028518179880378507,0.004944443220654682
transfer,3,9921,10020,9970.5,10,0.047384228953612786,0.08337623241373866,0.0028013129586504986,0.004284268995796325
transfer,3,10021,10120,10070.5,10,0.04903476599210925,0.08534719067352911,0.004129702258236178,0.0035306514834119724
transfer,3,10121,10220,10170.5,10,0.05270806386556763,0.08736923475966757,0.0038825789083162822,0.0030675175452732394
transfer,3,10221,10320,10270.5,10,0.0553923631930082,0.08904576672507392,0.0037445487332231735,0.002467298826617714
transfer,3,10321,10420,10370.5,10,0.057641179455430666,0.09023421333393461,0.003122099765451709,0.0022457300122065466
transfer,3,10421,10520,10470.5,10,0.06021036373285684,0.0913621039952561,0.0024240908777894716,0.001829022326686541
transfer,3,10521,10620,10570.5,10,0.062266481855932754,0.09219332365299956,0.002552963796903315,0.0015438748708271886
transfer,3,10621,10720,10670.5,10,0.06329914760979714,0.09277178523246196,0.0024161646422657663,0.001355812963946016
transfer,3,10721,10820,10770.5,10,0.06453541477984558,0.09330343881143213,0.0024064779865940835,0.00126047806427349
transfer,3,10821,10920,10870.5,10,0.06512303224444606,0.09371970936760289,0.002247844955369737,0.00122046836979691
transfer,3,10921,11020,10970.5,10,0.06524003697817374,0.09394451804590793,0.0024674304397308004,0.0012089940875123603
transfer,3,11021,11120,11070.5,10,0.06528822213375793,0.09409477721561327,0.00236351064098362,0.0011634753835762012
transfer,3,11121,11220,11170.5,10,0.06552232281439205,0.09425996406812029,0.002498993828186816,0.0009917408373812627
transfer,3,11221,11320,11270.5,10,0.06592463437894605,0.09439652971598148,0.002390868910265886,0.0010124311212113292
transfer,3,11321,11420,11370.5,10,0.06539780104536717,0.09441596670506774,0.0023318139847298474,0.000936394616741689
transfer,3,11421,11520,11470.5,10,0.06566022833672729,0.09442930078221469,0.0021387460391910735,0.0009006637163873473
transfer,3,11521,11620,11570.5,10,0.06559822775502297,0.0944523101155734,0.0020678295353385454,0.0009986916939917696
transfer,3,11621,11720,11670.5,10,0.06507692130991241,0.09438624750534355,0.0020788679369951575,0.0009171983993042284
transfer,3,11721,11820,11770.5,10,0.06481570121806812,0.09426441429559088,0.002076380371038912,0.0011169612382240927
transfer,3,11821,11920,11870.5,10,0.06497937162768415,0.09417794100515113,0.0019043765635349062,0.0011110763997159497
transfer,3,11921,12020,11970.5,10,0.06472562118775727,0.09406269640427707,0.0015719950017037546,0.0011318664735080765
transfer,3,12021,12120,12070.5,10,0.06424837220185745,0.09382367875730706,0.0018303482477708786,0.00109655115791574
transfer,3,12121,12220,12170.5,10,0.06456494665214155,0.09374339156995104,0.0019642971715341175,0.0011721871755616333
transfer,3,12221,12320,12270.5,10,0.06435309777291238,0.0936148956894114,0.0012101882743482516,0.0010758275806002676
transfer,3,12321,12420,12370.5,10,0.06398660999851766,0.09337062902535757,0.0016251432286874172,0.0010621045607124586
transfer,3,12421,12520,12470.5,10,0.0643329236113934,0.09343578499773422,0.002171301417687594,0.0010340998989834204
transfer,3,12521,12620,12570.5,10,0.06388227109621568,0.09316205352749249,0.001418236731466886,0.0011334612296796309
transfer,3,12621,12720,12670.5,10,0.06333008150599523,0.09286675641206965,0.0018550207920907768,0.0011181726651875157
transfer,3,12721,12820,12770.5,10,0.06302720142643571,0.09258987113101788,0.0018733986854776953,0.0012671430507356968
transfer,3,12821,12920,12870.5,10,0.06333900062212693,0.09250858207682096,0.0015856366427435514,0.0010765429755618206
transfer,3,12921,13020,12970.5,10,0.06252856871940844,0.09226433915875032,0.002368873209481504,0.0012370403277426167
transfer,3,13021,13120,13070.5,10,0.06204394457681443,0.09195285243106367,0.0019868071072017854,0.0013316024455749986
transfer,3,13121,13220,13170.5,10,0.06197907119792726,0.09182999701692712,0.0017669282851358137,0.001290454153684828
transfer,3,13221,13320,13270.5,10,0.061972517907830274,0.09167874515146367,0.0021296013804076876,0.0013013419185828913
transfer,3,13321,13420,13370.5,10,0.061447094397149404,0.0915382897876444,0.0018920537311953374,0.0011810652706367318
transfer,3,13421,13520,13470.5,10,0.061042313243013666,0.09107590439673507,0.0020444550375379004,0.0012354864563828623
transfer,3,13521,13620,13570.5,10,0.06105724075407398,0.0908352223447223,0.0016958425922432374,0.0012695940893808688
transfer,3,13621,13720,13670.5,10,0.060192056804591276,0.09026518027672956,0.0021709954221538863,0.0016585418988948576
transfer,3,13721,13820,13770.5,10,0.05996738873815397,0.09012801816090033,0.0021909394856635266,0.0014979680237454298
transfer,3,13821,13920,13870.5,10,0.060039740236557816,0.08969072283046968,0.0018140213108188527,0.0016118057292579628
transfer,3,13921,14020,13970.5,10,0.05911464397727954,0.08921674040951513,0.001968203018064957,0.0016252047283202586
transfer,3,14021,14120,14070.5,10,0.05899050740818977,0.08899749596812681,0.001587985065969439,0.0015232368118654517
transfer,3,14121,14220,14170.5,10,0.058029447554154054,0.08859607743481654,0.0018302104593480714,0.0016417896049938363
transfer,3,14221,14320,14270.5,10,0.05733448932367354,0.08792455659311016,0.0013175077011994827,0.0020884595816812123
transfer,3,14321,14420,14370.5,10,0.05761451099170798,0.08761085470919625,0.001134018055857114,0.0018080272618236234
transfer,3,14421,14520,14470.5,10,0.056870065102588054,0.08678846913842217,0.001379036539328798,0.0020491790250072427
transfer,3,14521,14620,14570.5,10,0.05650953334384218,0.0864338037848009,0.001232740886547667,0.0017439421485915855
transfer,3,14621,14720,14670.5,10,0.056302844962047495,0.0859476844461851,0.0013762787628381144,0.002343201611898099
transfer,3,14721,14820,14770.5,10,0.056101097737334,0.08579517699261456,0.0025292962071293795,0.002086871300306281
transfer,3,14821,14920,14870.5,10,0.05620519129572845,0.08537289221516278,0.002739858401885797,0.0017408342733301462
transfer,3,14921,15020,14970.5,10,0.05598594146796846,0.08499475052711626,0.0018659115299056782,0.0019080278602456576
transfer,3,15021,15120,15070.5,10,0.05666505686379399,0.08478173293918786,0.0021382188230095415,0.0017813960561008345
transfer,3,15121,15220,15170.5,10,0.056242999609860254,0.08409509027874484,0.0018801698385465097,0.0021013116171592666
transfer,3,15221,15320,15270.5,10,0.055284889933926606,0.08307422347837333,0.001536883552040217,0.0020105869668176845
transfer,3,15321,15420,15370.5,10,0.05452651786018629,0.08199392047669733,0.0014122583961201328,0.0022077312239496766
transfer,3,15421,15520,15470.5,10,0.05343758454933763,0.08108940745302662,0.0020172360893871504,0.002066904426761554
transfer,3,15521,15620,15570.5,10,0.05249339988308329,0.08055793764496014,0.0019752588697482297,0.0020161966881144795
transfer,3,15621,15720,15670.5,10,0.051951972105916955,0.07982229723108691,0.0024537118221717585,0.0020195660157470772
transfer,3,15721,15820,15770.5,10,0.05086479802270848,0.07870029688503166,0.0027681208975439734,0.002029137911935376
transfer,3,15821,15920,15870.5,10,0.05100279834211687,0.07810018523782189,0.002457588298791453,0.002536699726656357
transfer,3,15921,16020,15970.5,10,0.05016931488744482,0.07711645298759312,0.0014246807522724852,0.0027393503889222947
transfer,3,16021,16120,16070.5,10,0.04974830141333516,0.07618698263727211,0.0016563846755564124,0.002530436108093639
transfer,3,16121,16220,16170.5,10,0.048923732765020336,0.0756833331240881,0.0022320592924222954,0.002780173530734758
transfer,3,16221,16320,16270.5,10,0.04843707804102178,0.07496795689198105,0.002530130961121024,0.0027258100390420825
transfer,3,16321,16420,16370.5,10,0.047764142167397536,0.07397039029669185,0.0034109855651824937,0.003132647261174452
transfer,3,16421,16520,16470.5,10,0.0473507367276031,0.07308220845637708,0.002958549871434164,0.003240934680402174
transfer,3,16521,16620,16570.5,10,0.04751746162821582,0.0725612062604982,0.0025319050884521667,0.003377781614218353
transfer,3,16621,16720,16670.5,10,0.04714074930862241,0.07165174006872019,0.003692031556913483,0.0038542589995801536
transfer,3,16721,16820,16770.5,10,0.04692354818324488,0.07097997079512956,0.0028973672746845443,0.004457885862593969
transfer,3,16821,16920,16870.5,10,0.04789628726451334,0.0709249109649103,0.002967805119960035,0.004254477481498781
transfer,3,16921,17020,16970.5,10,0.04639664288186078,0.06964148220180066,0.0027417095643976533,0.004300743969704084
transfer,3,17021,17120,17070.5,10,0.04679202086606197,0.06934179848785267,0.002550886928911824,0.004275113303026169
transfer,3,17121,17220,17170.5,10,0.04655011855745697,0.06928485264616493,0.0022521643875724005,0.004340423175419765
transfer,3,17221,17320,17270.5,10,0.04590895107809193,0.06885422692681742,0.002334785608726136,0.0047626973491528895
transfer,3,17321,17420,17370.5,10,0.04569670594404942,0.06815175742925206,0.0021041853436983542,0.0052219606640188055
transfer,3,17421,17520,17470.5,10,0.04511263061042807,0.06770138456622146,0.0029127013372554915,0.0051172432263765005
transfer,3,17521,17540,17530.5,10,0.04493256303899493,0.06766761481978731,0.002878143271783136,0.004829035117419148
transfer,4,17541,17640,17590.5,10,0.044105317909711825,0.06758669331253128,0.003740612792483147,0.004162590797903474
transfer,4,17641,17740,17690.5,10,0.04318586798269392,0.06835592944463098,0.0024127138961213494,0.0045344731140443744
transfer,4,17741,17840,17790.5,10,0.04260046509672696,0.07035221554854264,0.002354895177345889,0.003917469315809676
transfer,4,17841,17940,17890.5,10,0.04274636457367603,0.07333031612967038,0.002230419657375154,0.003292105154164152
transfer,4,17941,18040,17990.5,10,0.04451344048943912,0.07622075569437006,0.002186683630563879,0.0028568174886458306
transfer,4,18041,18140,18090.5,10,0.04692539020535164,0.07904778384357254,0.0021791960139496743,0.0022930797117819393
transfer,4,18141,18240,18190.5,10,0.04924220131694605,0.08137288799004501,0.002622003004430645,0.0019346370666588658
transfer,4,18241,18340,18290.5,10,0.05223245399941527,0.08343095138836483,0.003047728600556129,0.001663332055443618
transfer,4,18341,18440,18390.5,10,0.05452565802643813,0.08503745366219619,0.003170899502196128,0.0014422296598185047
transfer,4,18441,18540,18490.5,10,0.05585300991229978,0.08614898747528124,0.003142666561254311,0.00142462523267846
transfer,4,18541,18640,18590.5,10,0.05735856054240416,0.08716822352073886,0.0025012867279195967,0.0011868944826110047
transfer,4,18641,18740,18690.5,10,0.05852912448149097,0.0876975177319221,0.0017466110675816286,0.0012760206262722575
transfer,4,18741,18840,18790.5,10,0.059964669954953045,0.08834419142719353,0.0015607995964964532,0.0012901294894869743
transfer,4,18841,18940,18890.5,10,0.060051235076131214,0.08867590895641991,0.001660212652198496,0.0013089896214461666
transfer,4,18941,19040,18990.5,10,0.06041624829902601,0.08901144095915219,0.002412376113276616,0.001374706843944957
transfer,4,19041,19140,19090.5,10,0.0606684686282112,0.08920966320950721,0.0025666863975357455,0.0016662953105157962
transfer,4,19141,19240,19190.5,10,0.0611876453924318,0.08950250499817071,0.0023695661539003005,0.001665081267804134
transfer,4,19241,19340,19290.5,10,0.06064189723933422,0.08945101463103211,0.0023615908112350893,0.0016312766166187548
transfer,4,19341,19440,19390.5,10,0.060074474294449086,0.0893469474456283,0.00230405812076229,0.0017309127322131534
transfer,4,19441,19540,19490.5,10,0.06060434636777458,0.08951400492717812,0.002137887131612851,0.0015844977830904092
transfer,4,19541,19640,19590.5,10,0.060236369349560004,0.08948841201179566,0.0015955075361225885,0.0016709915744799481
transfer,4,19641,19740,19690.5,10,0.05997147916983041,0.08931346911069456,0.002828639751250828,0.0016148934468393167
transfer,4,19741,19840,19790.5,10,0.05983423442962438,0.08920398508481774,0.0027764447458666452,0.0015891024716242583
transfer,4,19841,19940,19890.5,10,0.05973494763120667,0.0888953924590252,0.002664646759646065,0.0017287454255246327
transfer,4,19941,20040,19990.5,10,0.06015459171293188,0.0890452417250915,0.002652763315708609,0.001635909981342587
transfer,4,20041,20140,20090.5,10,0.05972547295188384,0.08878873089050343,0.003071385099665588,0.0015110166392672032
transfer,4,20141,20240,20190.5,10,0.05974213815063913,0.08881462926195552,0.0025857031319199775,0.0014746867476785473
transfer,4,20241,20340,20290.5,10,0.059757997508582204,0.08870593624210005,0.002645732814433488,0.0016202736098918321
transfer,4,20341,20440,20390.5,10,0.06030903833819422,0.08850684100617415,0.002730948810591144,0.0019501006914844784
transfer,4,20441,20540,20490.5,10,0.05964720927527738,0.08817689971963014,0.0027327019309898535,0.0019578335378170773
transfer,4,20541,20640,20590.5,10,0.05937813482542309,0.08784144361135107,0.0019901885806193117,0.0022033121484954796
transfer,4,20641,20740,20690.5,10,0.059064561428321026,0.08780161919112113,0.002626621479367457,0.0021188040866358024
transfer,4,20741,20840,20790.5,10,0.058741845042589655,0.08750092888880553,0.0025188873376774724,0.002146978087444874
transfer,4,20841,20940,20890.5,10,0.05847228027739069,0.08716130135129768,0.0021950449755396436,0.001994981548228582
transfer,4,20941,21040,20990.5,10,0.05818496971780901,0.08697594450129884,0.0009492869666624865,0.0017958786489981806
transfer,4,21041,21140,21090.5,10,0.05865531937991479,0.08692268380049625,0.0011429474470684715,0.001611279354851248
transfer,4,21141,21240,21190.5,10,0.05803551109157005,0.08658756715503291,0.0016424705034872023,0.0014848344704152354
transfer,4,21241,21340,21290.5,10,0.05792582995727606,0.0861780491860524,0.001823742635271012,0.0013362308292783076
transfer,4,21341,21440,21390.5,10,0.05815634291843415,0.08581390802242356,0.0020640515428370677,0.0013542818936970221
transfer,4,21441,21540,21490.5,10,0.05833210648897328,0.08573103959500418,0.001942751622254722,0.0011622075259980094
transfer,4,21541,21640,21590.5,10,0.057978499551559516,0.08559484228298102,0.002754309423136237,0.0011490921369598159
transfer,4,21641,21740,21690.5,10,0.05762809843505221,0.08510262409241756,0.0017991033201319986,0.0012186956827270091
transfer,4,21741,21840,21790.5,10,0.0568693372260739,0.08449884660538223,0.0024236992222905537,0.0013022400548769679
transfer,4,21841,21940,21890.5,10,0.05655502406238978,0.08423772870450794,0.002614450589526878,0.0012534432891173398
transfer,4,21941,22040,21990.5,10,0.05657774791627884,0.08391974272608752,0.0022321742355386463,0.0013283050869972802
transfer,4,22041,22140,22090.5,10,0.056354991415507635,0.08367368246903538,0.0024566139224609035,0.0014726380223715387
transfer,4,22141,22240,22190.5,10,0.055886877038368296,0.08316532907917393,0.0025273497221072446,0.0015865014912146678
transfer,4,22241,22340,22290.5,10,0.056622697319170204,0.0828406452966671,0.0017492078958436217,0.001482152677776102
transfer,4,22341,22440,22390.5,10,0.05640491128040444,0.08246403320131082,0.00254531814609356,0.0018621923313644276
transfer,4,22441,22540,22490.5,10,0.05589325755952934,0.08210116066793119,0.0025118894921707514,0.002199839691944648
transfer,4,22541,22640,22590.5,10,0.05564199735827217,0.08140461138155014,0.0022561731195740687,0.0017445595757625107
transfer,4,22641,22740,22690.5,10,0.055441091429547465,0.08130754401652183,0.001924633219808959,0.0020104932412975526
transfer,4,22741,22840,22790.5,10,0.05508861425592952,0.08100818383288536,0.0025724227893663735,0.0018499501187204197
transfer,4,22841,22940,22890.5,10,0.05433299955422939,0.08042854431297349,0.0023969254224844535,0.0017692266605466042
transfer,4,22941,23040,22990.5,10,0.053538334749614516,0.07966739796467434,0.0029105767418447083,0.0017839082156588433
transfer,4,23041,23140,23090.5,10,0.05282797656098277,0.07900327286327406,0.0019853092193548787,0.0018996196745480474
transfer,4,23141,23240,23190.5,10,0.05180075569636109,0.0783197741654956,0.0017729829676538852,0.0017280030493947616
transfer,4,23241,23340,23290.5,10,0.052746113994458964,0.07818866522523445,0.0017469313855182937,0.0014259329986346765
transfer,4,23341,23440,23390.5,10,0.05262134641418035,0.07779265785076073,0.0022406005872143957,0.0014993574429753805
transfer,4,23441,23540,23490.5,10,0.052148894517118294,0.07705020205932003,0.0019433551446211227,0.0020141589003511242
transfer,4,23541,23640,23590.5,10,0.05186080846657186,0.0765126617850319,0.002083165766243754,0.0023246810568762683
transfer,4,23641,23740,23690.5,10,0.05137160340522097,0.07583915106217212,0.0029049864415099788,0.0026280980882720734
transfer,4,23741,23840,23790.5,10,0.050515118667885585,0.07535372303125934,0.0030378274431656985,0.0024816555519374065
transfer,4,23841,23940,23890.5,10,0.050241668113040885,0.07495854796919839,0.0028128959161012423,0.0019253809600821726
transfer,4,23941,24040,23990.5,10,0.05020971930806452,0.07438408123375545,0.002946381106266428,0.002236570798035639
transfer,4,24041,24140,24090.5,10,0.050327098464996146,0.0738230589690676,0.002953127706133923,0.0025132015646381883
transfer,4,24141,24240,24190.5,10,0.05035499056576788,0.07313272284318785,0.0021296629263699205,0.002372439077745209
transfer,4,24241,24340,24290.5,10,0.05006482568775276,0.07262436216443219,0.0018299896780725614,0.0023438970273210995
transfer,4,24341,24440,24390.5,10,0.04980089800114742,0.07222463930489124,0.0030072674601067406,0.002329578026770316
transfer,4,24441,24540,24490.5,10,0.049244099805979394,0.07166487887997558,0.0032403448986316643,0.0024159422769761186
transfer,4,24541,24640,24590.5,10,0.04887119483949179,0.07064277411027989,0.003807532733630218,0.0022966418830096297
transfer,4,24641,24740,24690.5,10,0.04830890579282504,0.06984214055123024,0.0044308061980788075,0.003422060249603714
transfer,4,24741,24840,24790.5,10,0.047447969452472295,0.06888434019443143,0.003492067865367796,0.0022307611717347236
transfer,4,24841,24940,24890.5,10,0.04776630730771102,0.06839126124374553,0.0030841203922705143,0.0018681998897621388
transfer,4,24941,25040,24990.5,10,0.04722302600978827,0.06740796153343938,0.003156167530061784,0.0023908707642837377
transfer,4,25041,25140,25090.5,10,0.04658971904997351,0.0665627557658071,0.0033634479561183376,0.0024633476572802552
transfer,4,25141,25240,25190.5,10,0.04682987020595364,0.06634182643798227,0.002391722108855913,0.0027383236887361427
transfer,4,25241,25340,25290.5,10,0.04591546421124573,0.06571658817767714,0.0021928024847186773,0.002579174427684912
transfer,4,25341,25440,25390.5,10,0.04501558979542419,0.06454107560894028,0.0016223002885341765,0.002049894184838462
transfer,4,25441,25540,25490.5,10,0.04469302317397867,0.0641414666536134,0.0020548912488650792,0.0018685361154103992
transfer,4,25541,25640,25590.5,10,0.04357237943568113,0.06357102486980372,0.0026929114689280545,0.0019495176935521894
transfer,4,25641,25740,25690.5,10,0.043390108640031066,0.06250799152482091,0.0020803815368937457,0.002077650354973552
transfer,4,25741,25840,25790.5,10,0.043151800120958025,0.06178396021140563,0.0020812944284130668,0.0021264879728269542
transfer,4,25841,25940,25890.5,10,0.04353446835541385,0.061141756499290455,0.0022495305831736665,0.0025350012181806648
transfer,4,25941,26040,25990.5,10,0.04312720281400669,0.060933491990368883,0.001979470475950487,0.0026867947297870864
transfer,4,26041,26140,26090.5,10,0.04339689369833376,0.0606679973379047,0.0023550206791533982,0.00263906288634125
transfer,4,26141,26240,26190.5,10,0.0430817514949576,0.059739603814141874,0.0028194934569829217,0.002221575570694724
transfer,4,26241,26340,26290.5,10,0.04268606172946557,0.05894615217384146,0.002939986394601468,0.0016899182381676125
transfer,4,26341,26440,26390.5,10,0.04234523586393786,0.05748580423873918,0.0025817908062507338,0.0014859278026804546
transfer,4,26441,26540,26490.5,10,0.04251594113201612,0.05732747565391361,0.0022691409486367805,0.0020281520842977507
transfer,4,26541,26640,26590.5,10,0.04265697715107784,0.05724976966059318,0.00235530648856888,0.002891425731987354
transfer,4,26641,26740,26690.5,10,0.042486167537983746,0.057381862503101046,0.0023785345615357223,0.0026070417367003358
transfer,4,26741,26840,26790.5,10,0.04305382816496689,0.056914834931498084,0.0024672948406130957,0.0022739310980061087
transfer,4,26841,26940,26890.5,10,0.04304431649870391,0.057306771380621714,0.0030752581553749755,0.0016412668828618435
transfer,4,26941,27040,26990.5,10,0.04242553650849848,0.056942773142987145,0.0028688971279463432,0.002270426242336256
transfer,4,27041,27140,27090.5,10,0.042465219607314954,0.056392764450452215,0.0031472446805979964,0.0014959162437628948
transfer,4,27141,27240,27190.5,10,0.04272954949164018,0.05649396894371535,0.0028735139825684696,0.0014121331958152313
transfer,4,27241,27340,27290.5,10,0.042047223793638636,0.055731020209242234,0.0034214868196629686,0.0026962671606903213
transfer,5,27341,27440,27390.5,10,0.04188231803358215,0.055614157956054344,0.0038256901646846605,0.002741630397158123
transfer,5,27441,27540,27490.5,10,0.03841795017877503,0.05429174980279622,0.003367863646770518,0.003138388352090207
transfer,5,27541,27640,27590.5,10,0.03579412797499956,0.055128640851781666,0.0037387157144046545,0.002848653217561397
transfer,5,27641,27740,27690.5,10,0.03460239649355033,0.057718271377486675,0.003335046392209857,0.0020011297750427083
transfer,5,27741,27840,27790.5,10,0.035514303366466896,0.061279065476712934,0.0026180401037483422,0.0017598312487935581
transfer,5,27841,27940,27890.5,10,0.03637946072036672,0.0648089078009437,0.0031629638708354784,0.001835981429094825
transfer,5,27941,28040,27990.5,10,0.03857815401749728,0.06840956365594714,0.0024548422683967645,0.0018123201047162802
transfer,5,28041,28140,28090.5,10,0.04133641035398561,0.07158897712884053,0.0020850611292228005,0.0014457867701914305
transfer,5,28141,28240,28190.5,10,0.04442057009520752,0.0742318605306877,0.0025687751781779816,0.0016487310556312917
transfer,5,28241,28340,28290.5,10,0.045626780777340635,0.07612011502303061,0.002926612153830696,0.0016531141687902136
transfer,5,28341,28440,28390.5,10,0.047489024439776636,0.07759738756367965,0.003104039242613292,0.0019083238304790412
transfer,5,28441,28540,28490.5,10,0.04870308361767281,0.0787583338644291,0.0026614477601805643,0.0014424089811177665
transfer,5,28541,28640,28590.5,10,0.05005995797178216,0.07950696559684783,0.0023301484737288315,0.0014669447941396052
transfer,5,28641,28740,28690.5,10,0.05144160039279268,0.08062782583263635,0.002942024219632352,0.0013954808839126806
transfer,5,28741,28840,28790.5,10,0.05194771017553819,0.08088204124982626,0.0025158677187350664,0.001791792203500467
transfer,5,28841,28940,28890.5,10,0.0529254278483632,0.08124327988492772,0.002155601958382917,0.002089026833217889
transfer,5,28941,29040,28990.5,10,0.05370326327146846,0.08138362380502709,0.0011810879807163264,0.0017264745994039596
transfer,5,29041,29140,29090.5,10,0.05451629456072403,0.08182801552707561,0.0010748589299715704,0.001688263035113909
transfer,5,29141,29240,29190.5,10,0.05477711699036283,0.08195584153350763,0.0019142632966490998,0.0017848491565343593
transfer,5,29241,29340,29290.5,10,0.055084403704451924,0.08213164673413112,0.002090358250761885,0.0018060005283123284
transfer,5,29341,29440,29390.5,10,0.05455943794290519,0.08216005819023596,0.0026416546440271886,0.0018348928258264472
transfer,5,29441,29540,29490.5,10,0.05487140351028062,0.08222198327176379,0.002634902383226375,0.0017723500248484532
transfer,5,29541,29640,29590.5,10,0.0539026217419943,0.08173315107635065,0.0029983822527387526,0.002088317947440976
transfer,5,29641,29740,29690.5,10,0.05376892124689202,0.08147438238031621,0.002841719170209886,0.002331918424560519
transfer,5,29741,29840,29790.5,10,0.053572893920409946,0.08139997139744262,0.002554285654417724,0.0021856331563034435
transfer,5,29841,29940,29890.5,10,0.053614026115200906,0.0813575326133118,0.002939999968411516,0.0017469497746022409
transfer,5,29941,30040,29990.5,10,0.052926701387632266,0.08104075145200179,0.002537201327178571,0.002064409726844864
transfer,5,30041,30140,30090.5,10,0.05355024617067611,0.08085392476107395,0.0027067347110456105,0.002133128417826198
transfer,5,30141,30240,30190.5,10,0.05337958252964945,0.08093954154108715,0.0027110723963681997,0.002063914046395631
transfer,5,30241,30340,30290.5,10,0.05328822816789484,0.08063016937882136,0.0021656857365690138,0.001919898524303014
transfer,5,30341,30440,30390.5,10,0.05285868977620486,0.08029696752744866,0.0026491590564854573,0.0019549394422330416
transfer,5,30441,30540,30490.5,10,0.05262020607700642,0.07992967806192404,0.002371039961789351,0.002054998617593736
transfer,5,30541,30640,30590.5,10,0.052771705681317914,0.0800884726464041,0.002059294420833076,0.001861631179882646
transfer,5,30641,30740,30690.5,10,0.0530819312461871,0.07975679278372137,0.0017474295352099623,0.0018753700638177594
transfer,5,30741,30840,30790.5,10,0.05268803353591315,0.07955498409872967,0.0016631139428235691,0.0017451172557226395
transfer,5,30841,30940,30890.5,10,0.05313842494253176,0.07938512342899229,0.0019507536495286379,0.001735666840704848
transfer,5,30941,31040,30990.5,10,0.05303753915973125,0.07927689151473256,0.001937800476890677,0.0013430749629033932
transfer,5,31041,31140,31090.5,10,0.05344771221960469,0.07907652512592495,0.0024882676213892666,0.0021496411736898133
transfer,5,31141,31240,31190.5,10,0.05345202521507453,0.07904532539853541,0.0024992638586722855,0.0018032017069867807
transfer,5,31241,31340,31290.5,10,0.05354389014989273,0.07908465096188369,0.002983833745023274,0.001646539331306263
transfer,5,31341,31440,31390.5,10,0.05295215001636009,0.07883304738483696,0.0033926206673611883,0.0016185189679127547
transfer,5,31441,31540,31490.5,10,0.05251956735983602,0.07833668704727292,0.0028912008087910303,0.002274695944846551
transfer,5,31541,31640,31590.5,10,0.05285867350828642,0.07840538586836214,0.0026367261162486256,0.0019763494933391383
transfer,5,31641,31740,31690.5,10,0.052949639170305283,0.07812950731826838,0.0025493364290532614,0.0017668296097051925
transfer,5,31741,31840,31790.5,10,0.052700565921362796,0.07811673164264485,0.002184053779565516,0.0019787972312673343
transfer,5,31841,31940,31890.5,10,0.05101895546636589,0.07747670265592756,0.001940515052627104,0.0014944460167907465
transfer,5,31941,32040,31990.5,10,0.05090200174319985,0.07735563282728342,0.0019907978843948077,0.0014606928351164697
transfer,5,32041,32140,32090.5,10,0.051044362138783016,0.07722483099773521,0.0026637841076850547,0.0015832412257043005
transfer,5,32141,32240,32190.5,10,0.050227097770490725,0.07642691130959658,0.002953208189817944,0.0014100185872291475
transfer,5,32241,32340,32290.5,10,0.05068608797918874,0.0763848988917367,0.0033049357281286058,0.0012847298948136035
transfer,5,32341,32440,32390.5,10,0.050632974067638115,0.07628644771431614,0.0031879867291457744,0.0010411182171621506
transfer,5,32441,32540,32490.5,10,0.04967850072656643,0.07543364205517092,0.0021723867688269276,0.001988779360812748
transfer,5,32541,32640,32590.5,10,0.04916462175858066,0.07525984694151291,0.0020483996207109763,0.0020625122766353564
transfer,5,32641,32740,32690.5,10,0.04895960330063367,0.075085991955196,0.0020855990374477966,0.001996035969332778
transfer,5,32741,32840,32790.5,10,0.04881193930655417,0.07443634255266027,0.0025808520307213758,0.0017981863994778356
transfer,5,32841,32940,32890.5,10,0.049348115498831106,0.07406583337706793,0.0027648820210075214,0.0015863189316797548
transfer,5,32941,33040,32990.5,10,0.04908970751642067,0.07348234302929249,0.003330167831918094,0.0016217530465374415
transfer,5,33041,33140,33090.5,10,0.04911267128083668,0.0728394926173717,0.002446289507041483,0.002004612684716188
transfer,5,33141,33240,33190.5,10,0.04799863189286365,0.07203716032128823,0.0034253448106810786,0.0017177407223269991
transfer,5,33241,33340,33290.5,10,0.04810962155134849,0.071480362826602,0.004603499535771069,0.0015933680954715174
transfer,5,33341,33440,33390.5,10,0.04807640383401855,0.07148693240909007,0.004175836116125033,0.0019397503293199293
transfer,5,33441,33540,33490.5,10,0.0480343899071374,0.07113323726817719,0.0035865128415032447,0.002286729812952741
transfer,5,33541,33640,33590.5,10,0.04715862421418097,0.07063516876682925,0.0034041978623774605,0.0021553701306836043
transfer,5,33641,33740,33690.5,10,0.046745731150456736,0.07049756892468147,0.0028420410045378154,0.0022151699854260913
transfer,5,33741,33840,33790.5,10,0.04707590921046117,0.07032379681647263,0.0029442562814760162,0.002303268317997099
transfer,5,33841,33940,33890.5,10,0.04651698624280466,0.06953811275309474,0.0026327133626091875,0.0017530987006112444
transfer,5,33941,34040,33990.5,10,0.04578470684651223,0.06917728226292931,0.002590476935871396,0.001999855178346251
transfer,5,34041,34140,34090.5,10,0.04567188954567982,0.06882297405609836,0.002989582049740991,0.002012337479501381
transfer,5,34141,34240,34190.5,10,0.04604666338011294,0.06813568370433162,0.0029133119597037176,0.002033005113512482
transfer,5,34241,34340,34290.5,10,0.046229789156113345,0.06783775720540278,0.0022365459761167963,0.0021116471585360466
transfer,5,34341,34440,34390.5,10,0.04586043441349167,0.06763227897502441,0.002423133525105119,0.002049829046767913
transfer,5,34441,34540,34490.5,10,0.04597119311608676,0.06721551807814877,0.002866123521641974,0.002259771266087774
transfer,5,34541,34640,34590.5,10,0.04553832151637813,0.0663377142982739,0.002695473239014702,0.002357004274036656
transfer,5,34641,34740,34690.5,10,0.046306540507228065,0.0660057117851237,0.0026426867231465804,0.0019215790584732547
transfer,5,34741,34840,34790.5,10,0.04629250503849991,0.06524814787037095,0.0027903809580956413,0.0019656836183639826
transfer,5,34841,34940,34890.5,10,0.04553656347460152,0.06449701032453886,0.0034092946901971947,0.0018806217294596497
transfer,5,34941,35040,34990.5,10,0.04476457242898632,0.06367127051901637,0.002886648334171501,0.0018792264528725967
transfer,5,35041,35140,35090.5,10,0.04480502591307931,0.06332619501227829,0.0028308237063626404,0.0014939751582976255
transfer,5,35141,35240,35190.5,10,0.044384923107706156,0.06237228205333765,0.0028209786657001396,0.0016189181426959185
transfer,5,35241,35340,35290.5,10,0.04346491168832295,0.06199340364312369,0.002871506672517105,0.002139266054339291
transfer,5,35341,35440,35390.5,10,0.04322425238230168,0.061778436927225414,0.0025657179848196125,0.0021376709669464872
transfer,5,35441,35540,35490.5,10,0.04328888778555805,0.061633082735081,0.002533551104025413,0.0019166359763896996
transfer,5,35541,35640,35590.5,10,0.04255785526001516,0.06097792798910127,0.0024359498263274958,0.0017601663458078065
transfer,5,35641,35740,35690.5,10,0.042114521245648774,0.0607779621332156,0.0028590312931685894,0.0017760722499252516
transfer,5,35741,35840,35790.5,10,0.04214223291848383,0.060246276136568744,0.0026828333023501284,0.002304109395225597
transfer,5,35841,35940,35890.5,10,0.0422683590618082,0.06013982203628162,0.0030664620539059516,0.0017379408629083792
transfer,5,35941,36040,35990.5,10,0.041155324464224104,0.05902524893858178,0.003419054984713255,0.0017255627183437167
transfer,5,36041,36140,36090.5,10,0.04069244616564122,0.058539296508683426,0.0029916676836890845,0.001847066753203389
transfer,5,36141,36240,36190.5,10,0.0402545420960026,0.05783045475203195,0.0029078779652262133,0.0015571199326955484
transfer,5,36241,36340,36290.5,10,0.04033728279928361,0.05725324435706214,0.002876548186515935,0.0018300541912849892
transfer,5,36341,36440,36390.5,10,0.0396895305973803,0.05655744072193795,0.003038185094447526,0.0019952389069151596
transfer,5,36441,36540,36490.5,10,0.04085017699312464,0.05679823968246998,0.0029577946528544026,0.0023309599466570193
transfer,5,36541,36640,36590.5,10,0.04155814376399805,0.05664730645373088,0.0025129218133935604,0.001942324357286323
transfer,5,36641,36740,36690.5,10,0.04017600565508071,0.05542433211274321,0.0024982335560539705,0.0024282483989170166
transfer,5,36741,36840,36790.5,10,0.04071440600836658,0.05559021120895112,0.0020371199877048745,0.0022536559210268783
transfer,5,36841,36940,36890.5,10,0.04071657955234597,0.05478617799515022,0.0016712319366353236,0.0021443586969574955
transfer,5,36941,37040,36990.5,10,0.03962801773109924,0.05398905551864817,0.002431004161354174,0.001985844803980919
transfer,5,37041,37140,37090.5,10,0.03904711224516378,0.05317107545752521,0.002963902419000889,0.002825739811399436
transfer,5,37141,37240,37190.5,10,0.038574285266969224,0.05198599865209651,0.002974357766827825,0.0030795512279928484
transfer,5,37241,37340,37290.5,10,0.03878951370772667,0.05172733404825085,0.002669943317949473,0.0030959149795951905
transfer,5,37341,37440,37390.5,10,0.03860472155906949,0.051084892403902515,0.003145144606188784,0.0031444418617345335
transfer,5,37441,37540,37490.5,10,0.03870520584664438,0.05104465844942267,0.0031494399569718195,0.0024759600103235937
transfer,5,37541,37640,37590.5,10,0.038081223533585826,0.04956616707283287,0.0028518081445098797,0.0021453169687608545
transfer,5,37641,37740,37690.5,10,0.03787175046278289,0.049394709613668306,0.002112851897844766,0.0021118371328934862
transfer,5,37741,37840,37790.5,10,0.03674160400654361,0.048814377669107324,0.0017406739222109347,0.0022774272493334808
transfer,5,37841,37940,37890.5,10,0.03615644431081279,0.048450583149656376,0.0023892279486658944,0.002345490804875542
transfer,5,37941,38040,37990.5,10,0.03616957920174526,0.04826565276939524,0.0033493490314808706,0.0025256708621777106
transfer,5,38041,38140,38090.5,10,0.036419775588928796,0.04743842819783744,0.003162813818927621,0.002351749023988805
transfer,5,38141,38240,38190.5,10,0.03568827315954659,0.04717539016477855,0.0031068440247139354,0.0024531217734446013
transfer,5,38241,38340,38290.5,10,0.03648475377432963,0.047175714709330865,0.003519089476722373,0.0023834512371228764
transfer,5,38341,38440,38390.5,10,0.03545284168251715,0.04717137379553972,0.003532819951991498,0.0030611762605835834
transfer,5,38441,38540,38490.5,10,0.035140325313735274,0.04688842296493225,0.0030867167972267718,0.002595749989018441
transfer,5,38541,38640,38590.5,10,0.0347264613852177,0.04635992828766074,0.0038074559405113367,0.002406152701156159
transfer,5,38641,38740,38690.5,10,0.035551877770912337,0.04624605511287843,0.003375120652217639,0.002380343856002326
transfer,5,38741,38840,38790.5,10,0.03499908696533756,0.046688822973193836,0.0025923583866960176,0.002705273938442755
transfer,5,38841,38940,38890.5,10,0.035314369531717946,0.04693021966073848,0.0023800458392494303,0.0026310144002501816
transfer,5,38941,39040,38990.5,10,0.035944284517258965,0.04710730105990577,0.0032291846341022234,0.002388711625841287
transfer,5,39041,39120,39080.5,10,0.03635961037828927,0.047224533775158374,0.0025774495399279672,0.002954193495783593
