stage,seed,method,original_accuracy,deduplicated_accuracy,removed_correct
confirmation,42001,lite,0.7316,0.731931931931932,2
confirmation,42001,tuned_schedule,0.724,0.7243243243243244,2
confirmation,42001,tuned_fixed,0.731,0.7313313313313313,2
confirmation,42001,entropy,0.7078,0.7083083083083083,1
confirmation,42002,lite,0.7268,0.7271271271271271,2
confirmation,42002,tuned_schedule,0.7264,0.7267267267267268,2
confirmation,42002,tuned_fixed,0.7332,0.7333333333333333,3
confirmation,42002,entropy,0.7122,0.7125125125125125,2
confirmation,42003,lite,0.7356,0.735935935935936,2
confirmation,42003,tuned_schedule,0.7298,0.7301301301301302,2
confirmation,42003,tuned_fixed,0.733,0.7333333333333333,2
confirmation,42003,entropy,0.7204,0.7207207207207207,2
confirmation,42004,lite,0.7366,0.736936936936937,2
confirmation,42004,tuned_schedule,0.734,0.7345345345345345,1
confirmation,42004,tuned_fixed,0.7468,0.7471471471471471,2
confirmation,42004,entropy,0.7276,0.7279279279279279,2
confirmation,42005,lite,0.7284,0.7287287287287287,2
confirmation,42005,tuned_schedule,0.7262,0.7265265265265265,2
confirmation,42005,tuned_fixed,0.7352,0.7355355355355355,2
confirmation,42005,entropy,0.7028,0.7031031031031031,2
confirmation,42006,lite,0.7362,0.7365365365365365,2
confirmation,42006,tuned_schedule,0.7292,0.7295295295295295,2
confirmation,42006,tuned_fixed,0.7358,0.7361361361361362,2
confirmation,42006,entropy,0.715,0.7155155155155155,1
confirmation,42007,lite,0.7414,0.7417417417417418,2
confirmation,42007,tuned_schedule,0.7334,0.7337337337337337,2
confirmation,42007,tuned_fixed,0.7406,0.7411411411411412,1
confirmation,42007,entropy,0.7256,0.725925925925926,2
confirmation,42008,lite,0.7316,0.731931931931932,2
confirmation,42008,tuned_schedule,0.7344,0.7347347347347347,2
confirmation,42008,tuned_fixed,0.736,0.7363363363363363,2
confirmation,42008,entropy,0.7212,0.7213213213213213,3
confirmation,42009,lite,0.7422,0.7425425425425426,2
confirmation,42009,tuned_schedule,0.7314,0.7317317317317318,2
confirmation,42009,tuned_fixed,0.7376,0.7379379379379379,2
confirmation,42009,entropy,0.723,0.7233233233233233,2
confirmation,42010,lite,0.7316,0.7321321321321321,1
confirmation,42010,tuned_schedule,0.7334,0.7337337337337337,2
confirmation,42010,tuned_fixed,0.7316,0.7321321321321321,1
confirmation,42010,entropy,0.7122,0.7127127127127127,1
transfer,43001,lite,0.7302,0.7305305305305305,2
transfer,43001,tuned_schedule,0.7256,0.7257257257257257,3
transfer,43001,tuned_fixed,0.7306,0.730930930930931,2
transfer,43001,entropy,0.7166,0.716916916916917,2
transfer,43002,lite,0.7296,0.7299299299299299,2
transfer,43002,tuned_schedule,0.7236,0.7239239239239239,2
transfer,43002,tuned_fixed,0.729,0.7293293293293294,2
transfer,43002,entropy,0.7048,0.7051051051051052,2
transfer,43003,lite,0.7328,0.7329329329329329,3
transfer,43003,tuned_schedule,0.7286,0.7289289289289289,2
transfer,43003,tuned_fixed,0.736,0.7363363363363363,2
transfer,43003,entropy,0.7104,0.7107107107107107,2
transfer,43004,lite,0.7302,0.7305305305305305,2
transfer,43004,tuned_schedule,0.7314,0.7317317317317318,2
transfer,43004,tuned_fixed,0.7434,0.7437437437437437,2
transfer,43004,entropy,0.7128,0.7131131131131131,2
transfer,43005,lite,0.7318,0.7323323323323323,1
transfer,43005,tuned_schedule,0.7268,0.7273273273273273,1
transfer,43005,tuned_fixed,0.7254,0.725925925925926,1
transfer,43005,entropy,0.714,0.7145145145145145,1
transfer,43006,lite,0.7252,0.7255255255255255,2
transfer,43006,tuned_schedule,0.7232,0.7235235235235236,2
transfer,43006,tuned_fixed,0.7314,0.7317317317317318,2
transfer,43006,entropy,0.7072,0.7073073073073073,3
transfer,43007,lite,0.7388,0.7393393393393394,1
transfer,43007,tuned_schedule,0.7388,0.7393393393393394,1
transfer,43007,tuned_fixed,0.7412,0.7415415415415415,2
transfer,43007,entropy,0.7172,0.7179179179179179,0
transfer,43008,lite,0.7288,0.7293293293293294,1
transfer,43008,tuned_schedule,0.726,0.7263263263263263,2
transfer,43008,tuned_fixed,0.7382,0.7383383383383383,3
transfer,43008,entropy,0.7138,0.7141141141141141,2
transfer,43009,lite,0.7348,0.7351351351351352,2
transfer,43009,tuned_schedule,0.7294,0.7299299299299299,1
transfer,43009,tuned_fixed,0.7414,0.7415415415415415,3
transfer,43009,entropy,0.715,0.7153153153153153,2
transfer,43010,lite,0.7264,0.7267267267267268,2
transfer,43010,tuned_schedule,0.7228,0.7233233233233233,1
transfer,43010,tuned_fixed,0.7254,0.7257257257257257,2
transfer,43010,entropy,0.7134,0.7137137137137137,2
