seed,method,phase,annotations,annotation_fraction,accuracy,cross_entropy,ece
801,entropy,0,12669,0.10000078933451208,0.2984,2.820827398126688,0.021650609041609224
801,entropy,1,25338,0.20000157866902415,0.3804,2.412618458849843,0.04228609672998784
801,entropy,2,38007,0.30000236800353625,0.499,1.924502991434785,0.05758655020882282
801,entropy,3,50676,0.4000031573380483,0.596,1.5628186814849665,0.07463074761412794
801,entropy,4,63345,0.5000039466725603,0.6684,1.3183916069425656,0.0829545173887812
801,entropy,5,76014,0.6000047360070725,0.7114,1.1751018760281924,0.08329687846303274
802,entropy,0,12669,0.10000078933451208,0.3134,2.8306829839471956,0.027032751415066197
802,entropy,1,25338,0.20000157866902415,0.3932,2.3183097767998313,0.03863515023015495
802,entropy,2,38007,0.30000236800353625,0.5148,1.8456623887066912,0.054700576268587355
802,entropy,3,50676,0.4000031573380483,0.611,1.4952167891551795,0.0730793674162188
802,entropy,4,63345,0.5000039466725603,0.678,1.2495463077303726,0.07439635289558523
802,entropy,5,76014,0.6000047360070725,0.7176,1.1181995332626793,0.08327860095191499
803,entropy,0,12669,0.10000078933451208,0.3,2.866527685831923,0.017959959640296556
803,entropy,1,25338,0.20000157866902415,0.3736,2.4556875438752988,0.041282370822554836
803,entropy,2,38007,0.30000236800353625,0.4942,1.9544250542230184,0.05559514120759956
803,entropy,3,50676,0.4000031573380483,0.6042,1.5630323210268615,0.06178353920131473
803,entropy,4,63345,0.5000039466725603,0.6748,1.318942032800705,0.07077185875562689
803,entropy,5,76014,0.6000047360070725,0.7132,1.1680488334105876,0.08020046529638604
804,entropy,0,12669,0.10000078933451208,0.3008,2.7711494224340045,0.016911744216703415
804,entropy,1,25338,0.20000157866902415,0.3836,2.3877471696524206,0.036386078190792454
804,entropy,2,38007,0.30000236800353625,0.4988,1.9070062867451987,0.06183526781610059
804,entropy,3,50676,0.4000031573380483,0.605,1.539489475843673,0.06559572260116754
804,entropy,4,63345,0.5000039466725603,0.6716,1.302720258406058,0.06913176276978317
804,entropy,5,76014,0.6000047360070725,0.7174,1.1537251767414756,0.075326702866876
805,entropy,0,12669,0.10000078933451208,0.2934,3.0638192675638862,0.014107277680625918
805,entropy,1,25338,0.20000157866902415,0.382,2.40188317922356,0.03430483701528185
805,entropy,2,38007,0.30000236800353625,0.4978,1.9277289638910806,0.053516148159673704
805,entropy,3,50676,0.4000031573380483,0.6016,1.557474765170052,0.0683040682135103
805,entropy,4,63345,0.5000039466725603,0.6692,1.3185931905838253,0.07912609749434835
805,entropy,5,76014,0.6000047360070725,0.7108,1.1468463858952658,0.08146965913308885
806,entropy,0,12669,0.10000078933451208,0.293,2.9223586639565133,0.02222032835202116
806,entropy,1,25338,0.20000157866902415,0.3916,2.3883688486970778,0.028678871537874476
806,entropy,2,38007,0.30000236800353625,0.501,1.9123756985362008,0.05740175298575591
806,entropy,3,50676,0.4000031573380483,0.6062,1.5216494531728246,0.05926217253638171
806,entropy,4,63345,0.5000039466725603,0.671,1.278456484147087,0.07370825030028816
806,entropy,5,76014,0.6000047360070725,0.7174,1.1416241477807612,0.07461731871386085
801,entropy_aligned_lite,0,12669,0.10000078933451208,0.2984,2.820827398126688,0.021650609041609224
801,entropy_aligned_lite,1,25338,0.20000157866902415,0.3794,2.405269639283735,0.03240607655205137
801,entropy_aligned_lite,2,38007,0.30000236800353625,0.495,1.9169764031825274,0.04486288702505944
801,entropy_aligned_lite,3,50676,0.4000031573380483,0.6096,1.5067901903540561,0.04099057670403769
801,entropy_aligned_lite,4,63345,0.5000039466725603,0.6816,1.2201557361515705,0.05439509275394705
801,entropy_aligned_lite,5,76014,0.6000047360070725,0.731,1.031644398824027,0.05593577223373615
802,entropy_aligned_lite,0,12669,0.10000078933451208,0.3134,2.8306829839471956,0.027032751415066197
802,entropy_aligned_lite,1,25338,0.20000157866902415,0.3932,2.3149044650524853,0.026893855883517958
802,entropy_aligned_lite,2,38007,0.30000236800353625,0.5124,1.8196543454702754,0.04161198819393271
802,entropy_aligned_lite,3,50676,0.4000031573380483,0.6168,1.4475825008166914,0.04981566548418474
802,entropy_aligned_lite,4,63345,0.5000039466725603,0.6828,1.180261603758912,0.05694979459120545
802,entropy_aligned_lite,5,76014,0.6000047360070725,0.7348,1.010986712095613,0.056104232153233076
803,entropy_aligned_lite,0,12669,0.10000078933451208,0.3,2.866527685831923,0.017959959640296556
803,entropy_aligned_lite,1,25338,0.20000157866902415,0.376,2.4372680720843642,0.033013160177572776
803,entropy_aligned_lite,2,38007,0.30000236800353625,0.4958,1.9388505557862405,0.042119543289056836
803,entropy_aligned_lite,3,50676,0.4000031573380483,0.6022,1.5077976215633808,0.046478129137205816
803,entropy_aligned_lite,4,63345,0.5000039466725603,0.6848,1.2182816239408236,0.055543394379656455
803,entropy_aligned_lite,5,76014,0.6000047360070725,0.733,1.0351567119677145,0.055906275693116986
804,entropy_aligned_lite,0,12669,0.10000078933451208,0.3008,2.7711494224340045,0.016911744216703415
804,entropy_aligned_lite,1,25338,0.20000157866902415,0.3824,2.3760230248163223,0.03198915111689244
804,entropy_aligned_lite,2,38007,0.30000236800353625,0.5056,1.8711628971854646,0.04043631387378209
804,entropy_aligned_lite,3,50676,0.4000031573380483,0.6062,1.4853721649036822,0.04777276227219071
804,entropy_aligned_lite,4,63345,0.5000039466725603,0.6856,1.2098039195833141,0.049083554415303855
804,entropy_aligned_lite,5,76014,0.6000047360070725,0.737,1.0407072235638761,0.052870158488791036
805,entropy_aligned_lite,0,12669,0.10000078933451208,0.2934,3.0638192675638862,0.014107277680625918
805,entropy_aligned_lite,1,25338,0.20000157866902415,0.3776,2.3946986372034456,0.029509762243449516
805,entropy_aligned_lite,2,38007,0.30000236800353625,0.504,1.8926727833133992,0.029142041452519734
805,entropy_aligned_lite,3,50676,0.4000031573380483,0.6092,1.4836222077845642,0.055315233407150534
805,entropy_aligned_lite,4,63345,0.5000039466725603,0.6822,1.2121406462511375,0.059167099026009196
805,entropy_aligned_lite,5,76014,0.6000047360070725,0.7334,1.0279030414274288,0.055939359025442094
806,entropy_aligned_lite,0,12669,0.10000078933451208,0.293,2.9223586639565133,0.02222032835202116
806,entropy_aligned_lite,1,25338,0.20000157866902415,0.3902,2.379406725175673,0.026793235520698313
806,entropy_aligned_lite,2,38007,0.30000236800353625,0.4986,1.8825700609404419,0.044282334809820675
806,entropy_aligned_lite,3,50676,0.4000031573380483,0.6072,1.4721105892474646,0.04705191105479656
806,entropy_aligned_lite,4,63345,0.5000039466725603,0.6796,1.2101923520498077,0.05688551685473565
806,entropy_aligned_lite,5,76014,0.6000047360070725,0.7324,1.0274044734798629,0.055801272213901826
801,entropy_aligned_fixed,0,12669,0.10000078933451208,0.2984,2.820827398126688,0.021650609041609224
801,entropy_aligned_fixed,1,25338,0.20000157866902415,0.381,2.4055024199887503,0.03718613176412456
801,entropy_aligned_fixed,2,38007,0.30000236800353625,0.4952,1.91636741645322,0.05377226607947363
801,entropy_aligned_fixed,3,50676,0.4000031573380483,0.6032,1.5324066867877437,0.06130401978472376
801,entropy_aligned_fixed,4,63345,0.5000039466725603,0.6734,1.28081170753839,0.0737217784131153
801,entropy_aligned_fixed,5,76014,0.6000047360070725,0.7238,1.0978801985491196,0.07200918190542324
802,entropy_aligned_fixed,0,12669,0.10000078933451208,0.3134,2.8306829839471956,0.027032751415066197
802,entropy_aligned_fixed,1,25338,0.20000157866902415,0.3934,2.3131442327473515,0.03385327293574373
802,entropy_aligned_fixed,2,38007,0.30000236800353625,0.5144,1.8265346659922697,0.052950673105487796
802,entropy_aligned_fixed,3,50676,0.4000031573380483,0.6144,1.4784625096521034,0.0652581306015524
802,entropy_aligned_fixed,4,63345,0.5000039466725603,0.6716,1.2401573110308826,0.0811956444007179
802,entropy_aligned_fixed,5,76014,0.6000047360070725,0.7222,1.0736294932640478,0.07429681749859476
803,entropy_aligned_fixed,0,12669,0.10000078933451208,0.3,2.866527685831923,0.017959959640296556
803,entropy_aligned_fixed,1,25338,0.20000157866902415,0.3798,2.4430393756621016,0.03552671827645464
803,entropy_aligned_fixed,2,38007,0.30000236800353625,0.4994,1.9425760793599944,0.04697848261651813
803,entropy_aligned_fixed,3,50676,0.4000031573380483,0.6018,1.532580735076258,0.06344039049284331
803,entropy_aligned_fixed,4,63345,0.5000039466725603,0.6722,1.2794707001582424,0.07133262677328023
803,entropy_aligned_fixed,5,76014,0.6000047360070725,0.72,1.1080363637486828,0.07358265809885381
804,entropy_aligned_fixed,0,12669,0.10000078933451208,0.3008,2.7711494224340045,0.016911744216703415
804,entropy_aligned_fixed,1,25338,0.20000157866902415,0.386,2.3813138951919277,0.037230319079159434
804,entropy_aligned_fixed,2,38007,0.30000236800353625,0.5074,1.8899676865773625,0.049536341984084784
804,entropy_aligned_fixed,3,50676,0.4000031573380483,0.6088,1.5210613886974866,0.06143703877600083
804,entropy_aligned_fixed,4,63345,0.5000039466725603,0.6798,1.2550957387455581,0.062329247024392596
804,entropy_aligned_fixed,5,76014,0.6000047360070725,0.7278,1.085905150317156,0.06327857443989739
805,entropy_aligned_fixed,0,12669,0.10000078933451208,0.2934,3.0638192675638862,0.014107277680625918
805,entropy_aligned_fixed,1,25338,0.20000157866902415,0.3844,2.394910220515362,0.03573911529059451
805,entropy_aligned_fixed,2,38007,0.30000236800353625,0.5032,1.9039667425737368,0.050555147400126864
805,entropy_aligned_fixed,3,50676,0.4000031573380483,0.606,1.5189480261367805,0.06240487242048005
805,entropy_aligned_fixed,4,63345,0.5000039466725603,0.6748,1.2711301649876248,0.06894942331683894
805,entropy_aligned_fixed,5,76014,0.6000047360070725,0.717,1.103949016576712,0.07395011842672981
806,entropy_aligned_fixed,0,12669,0.10000078933451208,0.293,2.9223586639565133,0.02222032835202116
806,entropy_aligned_fixed,1,25338,0.20000157866902415,0.394,2.381743433668796,0.02610557025171184
806,entropy_aligned_fixed,2,38007,0.30000236800353625,0.505,1.8862916756167047,0.04735203088282447
806,entropy_aligned_fixed,3,50676,0.4000031573380483,0.6106,1.5064600838120508,0.060522720667141795
806,entropy_aligned_fixed,4,63345,0.5000039466725603,0.6766,1.2464247590096948,0.0693403604998182
806,entropy_aligned_fixed,5,76014,0.6000047360070725,0.725,1.082681538672875,0.06910745037460059
