method,phase,n_seeds,annotations,annotation_fraction,accuracy_mean,accuracy_sample_sd
entropy,0,6,12669,0.10000078933451208,0.2998333333333333,0.0074182657452174635
entropy,1,6,25338,0.20000157866902415,0.3840666666666666,0.0073164654490174875
entropy,2,6,38007,0.30000236800353625,0.5009333333333333,0.007151689777015421
entropy,3,6,50676,0.4000031573380483,0.604,0.0049927948085215735
entropy,4,6,63345,0.5000039466725603,0.6721666666666667,0.0036230742010986616
entropy,5,6,76014,0.6000047360070725,0.7146333333333333,0.0032035397089261713
entropy_aligned_lite,0,6,12669,0.10000078933451208,0.2998333333333333,0.0074182657452174635
entropy_aligned_lite,1,6,25338,0.20000157866902415,0.3831333333333333,0.00703211679842326
entropy_aligned_lite,2,6,38007,0.30000236800353625,0.5019,0.006694176573709415
entropy_aligned_lite,3,6,50676,0.4000031573380483,0.6085333333333333,0.004842588839315896
entropy_aligned_lite,4,6,63345,0.5000039466725603,0.6827666666666666,0.0021851010655497484
entropy_aligned_lite,5,6,76014,0.6000047360070725,0.7336,0.002078460969082648
entropy_aligned_fixed,0,6,12669,0.10000078933451208,0.2998333333333333,0.0074182657452174635
entropy_aligned_fixed,1,6,25338,0.20000157866902415,0.38643333333333335,0.006060253020020426
entropy_aligned_fixed,2,6,38007,0.30000236800353625,0.5041,0.006631741852635694
entropy_aligned_fixed,3,6,50676,0.4000031573380483,0.6074666666666667,0.004735680169380808
entropy_aligned_fixed,4,6,63345,0.5000039466725603,0.6747333333333333,0.0030715902504511537
entropy_aligned_fixed,5,6,76014,0.6000047360070725,0.7226333333333333,0.0038082366873221983
