seed,method,phase,layer,annotations,within,between,log_kappa,measurement
801,entropy,0,layer3,12669,0.13847262183501677,0.040870843980120766,1.220238436682533,"full validation, 100 classes; not the 16-class calibration target"
801,entropy,0,layer4,12669,0.30246867636560204,0.1251051772002023,0.8828182346737448,"full validation, 100 classes; not the 16-class calibration target"
801,entropy,1,layer3,25338,0.21998803338693151,0.07353829566928916,1.0957577985599196,"full validation, 100 classes; not the 16-class calibration target"
801,entropy,1,layer4,25338,0.5035839606171536,0.18179556751153503,1.018864136987022,"full validation, 100 classes; not the 16-class calibration target"
801,entropy,2,layer3,38007,0.2432314425077363,0.07839966620017622,1.1321851148930513,"full validation, 100 classes; not the 16-class calibration target"
801,entropy,2,layer4,38007,0.6018649412632653,0.18107856808175854,1.2010981942479726,"full validation, 100 classes; not the 16-class calibration target"
801,entropy,3,layer3,50676,0.27717001662939394,0.08341587216961868,1.2007841111391626,"full validation, 100 classes; not the 16-class calibration target"
801,entropy,3,layer4,50676,0.6599451787085213,0.17318031519661595,1.3378191739022518,"full validation, 100 classes; not the 16-class calibration target"
801,entropy,4,layer3,63345,0.31594182029911366,0.08887367641798671,1.268334001543003,"full validation, 100 classes; not the 16-class calibration target"
801,entropy,4,layer4,63345,0.690388361579262,0.16623589103163927,1.4238419050926643,"full validation, 100 classes; not the 16-class calibration target"
801,entropy,5,layer3,76014,0.34651847035643557,0.09326284340075702,1.312506506350715,"full validation, 100 classes; not the 16-class calibration target"
801,entropy,5,layer4,76014,0.7056435505302209,0.1626875398736442,1.467274066624405,"full validation, 100 classes; not the 16-class calibration target"
802,entropy,0,layer3,12669,0.14183721733492935,0.04068360151596934,1.2488374138178047,"full validation, 100 classes; not the 16-class calibration target"
802,entropy,0,layer4,12669,0.29978788703754916,0.12494984238665438,0.8751581180131622,"full validation, 100 classes; not the 16-class calibration target"
802,entropy,1,layer3,25338,0.21946126051548642,0.07447271136251346,1.0807340883668652,"full validation, 100 classes; not the 16-class calibration target"
802,entropy,1,layer4,25338,0.49677669481711,0.18659799195787574,0.9791807456565602,"full validation, 100 classes; not the 16-class calibration target"
802,entropy,2,layer3,38007,0.24293115919032843,0.08009515707033879,1.1095543478023187,"full validation, 100 classes; not the 16-class calibration target"
802,entropy,2,layer4,38007,0.5937508487677474,0.18541069523963316,1.1638827367959597,"full validation, 100 classes; not the 16-class calibration target"
802,entropy,3,layer3,50676,0.2760901344574762,0.08737194481316812,1.1505453296979524,"full validation, 100 classes; not the 16-class calibration target"
802,entropy,3,layer4,50676,0.6568416413912328,0.17769580728050377,1.3073657108857617,"full validation, 100 classes; not the 16-class calibration target"
802,entropy,4,layer3,63345,0.31377606150304294,0.09260087152602062,1.2203733862169974,"full validation, 100 classes; not the 16-class calibration target"
802,entropy,4,layer4,63345,0.6877648710946614,0.16955181579628126,1.4002840004732113,"full validation, 100 classes; not the 16-class calibration target"
802,entropy,5,layer3,76014,0.3448540303220888,0.09533238249458253,1.2857440889277654,"full validation, 100 classes; not the 16-class calibration target"
802,entropy,5,layer4,76014,0.7021418067265355,0.1656657835130557,1.4441583689839754,"full validation, 100 classes; not the 16-class calibration target"
803,entropy,0,layer3,12669,0.1462676447234577,0.03701469311715508,1.3741030022505178,"full validation, 100 classes; not the 16-class calibration target"
803,entropy,0,layer4,12669,0.3113611880737592,0.1183154041310654,0.9675943995536116,"full validation, 100 classes; not the 16-class calibration target"
803,entropy,1,layer3,25338,0.2161742079633685,0.06577850353417733,1.1897809334948906,"full validation, 100 classes; not the 16-class calibration target"
803,entropy,1,layer4,25338,0.505699174343488,0.18032700445135846,1.0311665132781802,"full validation, 100 classes; not the 16-class calibration target"
803,entropy,2,layer3,38007,0.23294440967994806,0.0721748385646722,1.171698788921977,"full validation, 100 classes; not the 16-class calibration target"
803,entropy,2,layer4,38007,0.5921695840811696,0.18125523677415137,1.1838830392316746,"full validation, 100 classes; not the 16-class calibration target"
803,entropy,3,layer3,50676,0.2696836241317276,0.07893149773981332,1.2286601892955107,"full validation, 100 classes; not the 16-class calibration target"
803,entropy,3,layer4,50676,0.6545113054746383,0.17147317175284313,1.3394577332694246,"full validation, 100 classes; not the 16-class calibration target"
803,entropy,4,layer3,63345,0.3140547536629604,0.08496344063885505,1.3073377060484006,"full validation, 100 classes; not the 16-class calibration target"
803,entropy,4,layer4,63345,0.6885172715873287,0.16449341380002908,1.431665245103396,"full validation, 100 classes; not the 16-class calibration target"
803,entropy,5,layer3,76014,0.34792374354160577,0.0898627787853123,1.3536912475219562,"full validation, 100 classes; not the 16-class calibration target"
803,entropy,5,layer4,76014,0.7012033957930579,0.16183210578164192,1.466233829009394,"full validation, 100 classes; not the 16-class calibration target"
804,entropy,0,layer3,12669,0.14276431223131175,0.0420876409218731,1.2214242164016782,"full validation, 100 classes; not the 16-class calibration target"
804,entropy,0,layer4,12669,0.30920160742063973,0.12530485551932555,0.9032391566661615,"full validation, 100 classes; not the 16-class calibration target"
804,entropy,1,layer3,25338,0.21068847777740407,0.0735835028041493,1.0519509363679846,"full validation, 100 classes; not the 16-class calibration target"
804,entropy,1,layer4,25338,0.49590351625610907,0.1856781932758428,0.9823629833894671,"full validation, 100 classes; not the 16-class calibration target"
804,entropy,2,layer3,38007,0.2330490788182423,0.07799948577298763,1.0945383064928207,"full validation, 100 classes; not the 16-class calibration target"
804,entropy,2,layer4,38007,0.5919624241369958,0.18321448489603556,1.1727818762132407,"full validation, 100 classes; not the 16-class calibration target"
804,entropy,3,layer3,50676,0.27061824605710105,0.0849287677585073,1.1588881835645752,"full validation, 100 classes; not the 16-class calibration target"
804,entropy,3,layer4,50676,0.6558666717398135,0.1735376687748809,1.3295585993498766,"full validation, 100 classes; not the 16-class calibration target"
804,entropy,4,layer3,63345,0.3111607158035247,0.09083174133780483,1.2312929555076224,"full validation, 100 classes; not the 16-class calibration target"
804,entropy,4,layer4,63345,0.68990837626096,0.16623644350943861,1.423143101292561,"full validation, 100 classes; not the 16-class calibration target"
804,entropy,5,layer3,76014,0.3420076504817009,0.09376254838834308,1.2940598599974704,"full validation, 100 classes; not the 16-class calibration target"
804,entropy,5,layer4,76014,0.7043402891348858,0.16276569143010516,1.4649451898501629,"full validation, 100 classes; not the 16-class calibration target"
805,entropy,0,layer3,12669,0.14784266392756804,0.04167256249168226,1.266288455905143,"full validation, 100 classes; not the 16-class calibration target"
805,entropy,0,layer4,12669,0.3129278944030831,0.12900762509125488,0.8860967270020068,"full validation, 100 classes; not the 16-class calibration target"
805,entropy,1,layer3,25338,0.21459240244228467,0.0703525514844333,1.1152118208491275,"full validation, 100 classes; not the 16-class calibration target"
805,entropy,1,layer4,25338,0.5087949423712986,0.18076778569031104,1.0348282495600034,"full validation, 100 classes; not the 16-class calibration target"
805,entropy,2,layer3,38007,0.23433917931477075,0.0743959759144974,1.1473585227278968,"full validation, 100 classes; not the 16-class calibration target"
805,entropy,2,layer4,38007,0.6078365923403406,0.17600279712727587,1.2394021590303363,"full validation, 100 classes; not the 16-class calibration target"
805,entropy,3,layer3,50676,0.26303016935679896,0.07918139336014172,1.2005185717721825,"full validation, 100 classes; not the 16-class calibration target"
805,entropy,3,layer4,50676,0.6641542270054742,0.16963535647481015,1.364858831373999,"full validation, 100 classes; not the 16-class calibration target"
805,entropy,4,layer3,63345,0.29629106107769143,0.08459256607263652,1.2534874481234208,"full validation, 100 classes; not the 16-class calibration target"
805,entropy,4,layer4,63345,0.6933282326803417,0.16287564619134717,1.4485118271282278,"full validation, 100 classes; not the 16-class calibration target"
805,entropy,5,layer3,76014,0.3259397904254508,0.08823813795244313,1.3066651348629328,"full validation, 100 classes; not the 16-class calibration target"
805,entropy,5,layer4,76014,0.7097503573319663,0.1581488895892467,1.5013714561478304,"full validation, 100 classes; not the 16-class calibration target"
806,entropy,0,layer3,12669,0.14459723764248578,0.038184599164887964,1.331500662515707,"full validation, 100 classes; not the 16-class calibration target"
806,entropy,0,layer4,12669,0.30004959654072827,0.11530781873633762,0.9563372060837492,"full validation, 100 classes; not the 16-class calibration target"
806,entropy,1,layer3,25338,0.2210291296048133,0.07021912528639,1.146664070341914,"full validation, 100 classes; not the 16-class calibration target"
806,entropy,1,layer4,25338,0.5075515286969011,0.17986129476902335,1.0374086813360062,"full validation, 100 classes; not the 16-class calibration target"
806,entropy,2,layer3,38007,0.23927516361377887,0.07641945325634142,1.1413680080283075,"full validation, 100 classes; not the 16-class calibration target"
806,entropy,2,layer4,38007,0.5933828902735687,0.18087287055112758,1.1880416187435086,"full validation, 100 classes; not the 16-class calibration target"
806,entropy,3,layer3,50676,0.27951994634860544,0.08301776070131836,1.2140106171992886,"full validation, 100 classes; not the 16-class calibration target"
806,entropy,3,layer4,50676,0.6524719174710182,0.17373720590167097,1.3232200301055592,"full validation, 100 classes; not the 16-class calibration target"
806,entropy,4,layer3,63345,0.3200358376611198,0.08847268250922698,1.285730971846503,"full validation, 100 classes; not the 16-class calibration target"
806,entropy,4,layer4,63345,0.685129243251497,0.16672236840188928,1.413272994015236,"full validation, 100 classes; not the 16-class calibration target"
806,entropy,5,layer3,76014,0.3506599659643204,0.0914046490597853,1.3445125652857173,"full validation, 100 classes; not the 16-class calibration target"
806,entropy,5,layer4,76014,0.6995383470907763,0.16271885745958353,1.4583919865179962,"full validation, 100 classes; not the 16-class calibration target"
801,entropy_aligned_lite,0,layer3,12669,0.13847262183501677,0.040870843980120766,1.220238436682533,"full validation, 100 classes; not the 16-class calibration target"
801,entropy_aligned_lite,0,layer4,12669,0.30246867636560204,0.1251051772002023,0.8828182346737448,"full validation, 100 classes; not the 16-class calibration target"
801,entropy_aligned_lite,1,layer3,25338,0.19463939373325084,0.11217362391834976,0.5510969221296043,"full validation, 100 classes; not the 16-class calibration target"
801,entropy_aligned_lite,1,layer4,25338,0.4082716017490311,0.22460374713830217,0.5975929147902284,"full validation, 100 classes; not the 16-class calibration target"
801,entropy_aligned_lite,2,layer3,38007,0.21062944390561605,0.12760676222807957,0.5011439456398441,"full validation, 100 classes; not the 16-class calibration target"
801,entropy_aligned_lite,2,layer4,38007,0.4341814915693288,0.2616496292229936,0.5064547955648887,"full validation, 100 classes; not the 16-class calibration target"
801,entropy_aligned_lite,3,layer3,50676,0.23165595289950286,0.13436796660244876,0.5446681279161965,"full validation, 100 classes; not the 16-class calibration target"
801,entropy_aligned_lite,3,layer4,50676,0.4228387466397501,0.296355191227432,0.3554311780916384,"full validation, 100 classes; not the 16-class calibration target"
801,entropy_aligned_lite,4,layer3,63345,0.2562188369243566,0.13939193883888384,0.6087389708708357,"full validation, 100 classes; not the 16-class calibration target"
801,entropy_aligned_lite,4,layer4,63345,0.43525114584532354,0.3179218180170281,0.3141168660975775,"full validation, 100 classes; not the 16-class calibration target"
801,entropy_aligned_lite,5,layer3,76014,0.2835378314107144,0.1436671150269761,0.6798432024753502,"full validation, 100 classes; not the 16-class calibration target"
801,entropy_aligned_lite,5,layer4,76014,0.4583371008567724,0.32704868734904285,0.33749501481398136,"full validation, 100 classes; not the 16-class calibration target"
802,entropy_aligned_lite,0,layer3,12669,0.14183721733492935,0.04068360151596934,1.2488374138178047,"full validation, 100 classes; not the 16-class calibration target"
802,entropy_aligned_lite,0,layer4,12669,0.29978788703754916,0.12494984238665438,0.8751581180131622,"full validation, 100 classes; not the 16-class calibration target"
802,entropy_aligned_lite,1,layer3,25338,0.19721758239032658,0.11102363019834133,0.5745605985410005,"full validation, 100 classes; not the 16-class calibration target"
802,entropy_aligned_lite,1,layer4,25338,0.40023338314593215,0.23022546091990953,0.5529868961612141,"full validation, 100 classes; not the 16-class calibration target"
802,entropy_aligned_lite,2,layer3,38007,0.20969468059705826,0.12612527719774913,0.5083737346180675,"full validation, 100 classes; not the 16-class calibration target"
802,entropy_aligned_lite,2,layer4,38007,0.384998662778825,0.27212126438408496,0.34699099167566627,"full validation, 100 classes; not the 16-class calibration target"
802,entropy_aligned_lite,3,layer3,50676,0.2302509225045573,0.134287596929468,0.5391828322659566,"full validation, 100 classes; not the 16-class calibration target"
802,entropy_aligned_lite,3,layer4,50676,0.37904586330042206,0.31088536436070496,0.1982323898064926,"full validation, 100 classes; not the 16-class calibration target"
802,entropy_aligned_lite,4,layer3,63345,0.2593709604959953,0.14129127255892338,0.6074325723404088,"full validation, 100 classes; not the 16-class calibration target"
802,entropy_aligned_lite,4,layer4,63345,0.3955642771657914,0.3354717669788063,0.16477504164437895,"full validation, 100 classes; not the 16-class calibration target"
802,entropy_aligned_lite,5,layer3,76014,0.2817188003932878,0.14400213879703608,0.6710778648081495,"full validation, 100 classes; not the 16-class calibration target"
802,entropy_aligned_lite,5,layer4,76014,0.42164089964490564,0.34339095147075815,0.20528386432694778,"full validation, 100 classes; not the 16-class calibration target"
803,entropy_aligned_lite,0,layer3,12669,0.1462676447234577,0.03701469311715508,1.3741030022505178,"full validation, 100 classes; not the 16-class calibration target"
803,entropy_aligned_lite,0,layer4,12669,0.3113611880737592,0.1183154041310654,0.9675943995536116,"full validation, 100 classes; not the 16-class calibration target"
803,entropy_aligned_lite,1,layer3,25338,0.19386419591505832,0.1031904986036188,0.6305765793322311,"full validation, 100 classes; not the 16-class calibration target"
803,entropy_aligned_lite,1,layer4,25338,0.4041408792901769,0.22667751319052365,0.5782332304593142,"full validation, 100 classes; not the 16-class calibration target"
803,entropy_aligned_lite,2,layer3,38007,0.20510878107227032,0.11897396274136937,0.5446322793822338,"full validation, 100 classes; not the 16-class calibration target"
803,entropy_aligned_lite,2,layer4,38007,0.4105572517599587,0.26520779100437225,0.4370004168882501,"full validation, 100 classes; not the 16-class calibration target"
803,entropy_aligned_lite,3,layer3,50676,0.22698309262091748,0.12532174514456698,0.5939875675424802,"full validation, 100 classes; not the 16-class calibration target"
803,entropy_aligned_lite,3,layer4,50676,0.36956172863880354,0.3032565927114647,0.1977379069489591,"full validation, 100 classes; not the 16-class calibration target"
803,entropy_aligned_lite,4,layer3,63345,0.2539561977129801,0.1338866092274725,0.6401650289718857,"full validation, 100 classes; not the 16-class calibration target"
803,entropy_aligned_lite,4,layer4,63345,0.3948918537450137,0.32746987804784633,0.18721534263252548,"full validation, 100 classes; not the 16-class calibration target"
803,entropy_aligned_lite,5,layer3,76014,0.2825927535201928,0.1402008848832238,0.700926947641829,"full validation, 100 classes; not the 16-class calibration target"
803,entropy_aligned_lite,5,layer4,76014,0.4194673127449869,0.3359842192012933,0.2219208187622338,"full validation, 100 classes; not the 16-class calibration target"
804,entropy_aligned_lite,0,layer3,12669,0.14276431223131175,0.0420876409218731,1.2214242164016782,"full validation, 100 classes; not the 16-class calibration target"
804,entropy_aligned_lite,0,layer4,12669,0.30920160742063973,0.12530485551932555,0.9032391566661615,"full validation, 100 classes; not the 16-class calibration target"
804,entropy_aligned_lite,1,layer3,25338,0.18926210461204857,0.11111222260814888,0.5325884299593411,"full validation, 100 classes; not the 16-class calibration target"
804,entropy_aligned_lite,1,layer4,25338,0.39930064795392933,0.23283670156714698,0.5393754901103626,"full validation, 100 classes; not the 16-class calibration target"
804,entropy_aligned_lite,2,layer3,38007,0.2013807852775411,0.12531993355386783,0.47432462024905186,"full validation, 100 classes; not the 16-class calibration target"
804,entropy_aligned_lite,2,layer4,38007,0.4096412242198253,0.27339891106601305,0.4043485558855453,"full validation, 100 classes; not the 16-class calibration target"
804,entropy_aligned_lite,3,layer3,50676,0.2257478476872864,0.1349724464734591,0.5143450216061396,"full validation, 100 classes; not the 16-class calibration target"
804,entropy_aligned_lite,3,layer4,50676,0.41731666346772034,0.30039845439978735,0.32873461104308044,"full validation, 100 classes; not the 16-class calibration target"
804,entropy_aligned_lite,4,layer3,63345,0.25172008775667143,0.1406393372963154,0.5821158477158153,"full validation, 100 classes; not the 16-class calibration target"
804,entropy_aligned_lite,4,layer4,63345,0.43448140168877486,0.31883349260069893,0.30948330527056167,"full validation, 100 classes; not the 16-class calibration target"
804,entropy_aligned_lite,5,layer3,76014,0.28108609262551654,0.145798718005813,0.6564306740257528,"full validation, 100 classes; not the 16-class calibration target"
804,entropy_aligned_lite,5,layer4,76014,0.45013029848894914,0.33236060838552633,0.3033157565540052,"full validation, 100 classes; not the 16-class calibration target"
805,entropy_aligned_lite,0,layer3,12669,0.14784266392756804,0.04167256249168226,1.266288455905143,"full validation, 100 classes; not the 16-class calibration target"
805,entropy_aligned_lite,0,layer4,12669,0.3129278944030831,0.12900762509125488,0.8860967270020068,"full validation, 100 classes; not the 16-class calibration target"
805,entropy_aligned_lite,1,layer3,25338,0.1898192317596273,0.11025110491635687,0.5433078692892419,"full validation, 100 classes; not the 16-class calibration target"
805,entropy_aligned_lite,1,layer4,25338,0.4072285167095059,0.22572712509118353,0.5900456608356758,"full validation, 100 classes; not the 16-class calibration target"
805,entropy_aligned_lite,2,layer3,38007,0.19835633382972997,0.12396378567369148,0.4700725816917466,"full validation, 100 classes; not the 16-class calibration target"
805,entropy_aligned_lite,2,layer4,38007,0.3979972818179487,0.2708104780821263,0.385024762267278,"full validation, 100 classes; not the 16-class calibration target"
805,entropy_aligned_lite,3,layer3,50676,0.2141324956585669,0.1296419392231186,0.5018155818114984,"full validation, 100 classes; not the 16-class calibration target"
805,entropy_aligned_lite,3,layer4,50676,0.36751191672099137,0.31401397064497305,0.15731780359032244,"full validation, 100 classes; not the 16-class calibration target"
805,entropy_aligned_lite,4,layer3,63345,0.2349222838171615,0.13385552365269598,0.56249050169321,"full validation, 100 classes; not the 16-class calibration target"
805,entropy_aligned_lite,4,layer4,63345,0.3905157852759945,0.3319290339713099,0.1625467467601962,"full validation, 100 classes; not the 16-class calibration target"
805,entropy_aligned_lite,5,layer3,76014,0.25854060306528126,0.13804310891941982,0.6274833573528735,"full validation, 100 classes; not the 16-class calibration target"
805,entropy_aligned_lite,5,layer4,76014,0.4195642739401562,0.34242099281530447,0.20317523962556894,"full validation, 100 classes; not the 16-class calibration target"
806,entropy_aligned_lite,0,layer3,12669,0.14459723764248578,0.038184599164887964,1.331500662515707,"full validation, 100 classes; not the 16-class calibration target"
806,entropy_aligned_lite,0,layer4,12669,0.30004959654072827,0.11530781873633762,0.9563372060837492,"full validation, 100 classes; not the 16-class calibration target"
806,entropy_aligned_lite,1,layer3,25338,0.1978392901328283,0.10491371184015172,0.6343123378145143,"full validation, 100 classes; not the 16-class calibration target"
806,entropy_aligned_lite,1,layer4,25338,0.41131204942541394,0.2233816439669316,0.6104684087739836,"full validation, 100 classes; not the 16-class calibration target"
806,entropy_aligned_lite,2,layer3,38007,0.2100051912150559,0.12137324714837346,0.548258288358141,"full validation, 100 classes; not the 16-class calibration target"
806,entropy_aligned_lite,2,layer4,38007,0.4297920736147351,0.2645749948054884,0.4851753437244226,"full validation, 100 classes; not the 16-class calibration target"
806,entropy_aligned_lite,3,layer3,50676,0.2353950855627905,0.12980974571191248,0.595191978282871,"full validation, 100 classes; not the 16-class calibration target"
806,entropy_aligned_lite,3,layer4,50676,0.41881291447194596,0.29443829957796963,0.35235383470709114,"full validation, 100 classes; not the 16-class calibration target"
806,entropy_aligned_lite,4,layer3,63345,0.2648842723715874,0.13531103620196133,0.6717133072120245,"full validation, 100 classes; not the 16-class calibration target"
806,entropy_aligned_lite,4,layer4,63345,0.4279463810935051,0.32162895015241133,0.2855985851015892,"full validation, 100 classes; not the 16-class calibration target"
806,entropy_aligned_lite,5,layer3,76014,0.290971303747124,0.13997612067000936,0.7317491010467008,"full validation, 100 classes; not the 16-class calibration target"
806,entropy_aligned_lite,5,layer4,76014,0.454894020069521,0.32661852758152565,0.3312706979459612,"full validation, 100 classes; not the 16-class calibration target"
801,entropy_aligned_fixed,0,layer3,12669,0.13847262183501677,0.040870843980120766,1.220238436682533,"full validation, 100 classes; not the 16-class calibration target"
801,entropy_aligned_fixed,0,layer4,12669,0.30246867636560204,0.1251051772002023,0.8828182346737448,"full validation, 100 classes; not the 16-class calibration target"
801,entropy_aligned_fixed,1,layer3,25338,0.2067259873518334,0.09457101720263492,0.7820373900077098,"full validation, 100 classes; not the 16-class calibration target"
801,entropy_aligned_fixed,1,layer4,25338,0.4749752265007645,0.19676260568177864,0.8812617162724133,"full validation, 100 classes; not the 16-class calibration target"
801,entropy_aligned_fixed,2,layer3,38007,0.22055038792039944,0.1097081954768853,0.698297531904658,"full validation, 100 classes; not the 16-class calibration target"
801,entropy_aligned_fixed,2,layer4,38007,0.5584631590420328,0.20613706671947693,0.9966442717643164,"full validation, 100 classes; not the 16-class calibration target"
801,entropy_aligned_fixed,3,layer3,50676,0.24028598373233184,0.11883763358470709,0.7040674219477245,"full validation, 100 classes; not the 16-class calibration target"
801,entropy_aligned_fixed,3,layer4,50676,0.6180987959300517,0.2001461550184907,1.1275970554176262,"full validation, 100 classes; not the 16-class calibration target"
801,entropy_aligned_fixed,4,layer3,63345,0.2697264604130636,0.12978559029088896,0.7315205549423953,"full validation, 100 classes; not the 16-class calibration target"
801,entropy_aligned_fixed,4,layer4,63345,0.6494556458623837,0.19592756224166136,1.1983859694300825,"full validation, 100 classes; not the 16-class calibration target"
801,entropy_aligned_fixed,5,layer3,76014,0.2926475724313949,0.13520604445885956,0.772165211413335,"full validation, 100 classes; not the 16-class calibration target"
801,entropy_aligned_fixed,5,layer4,76014,0.6661816534192827,0.19396130685500892,1.233900041698953,"full validation, 100 classes; not the 16-class calibration target"
802,entropy_aligned_fixed,0,layer3,12669,0.14183721733492935,0.04068360151596934,1.2488374138178047,"full validation, 100 classes; not the 16-class calibration target"
802,entropy_aligned_fixed,0,layer4,12669,0.29978788703754916,0.12494984238665438,0.8751581180131622,"full validation, 100 classes; not the 16-class calibration target"
802,entropy_aligned_fixed,1,layer3,25338,0.20613141521995715,0.09629330104496976,0.7611096167440057,"full validation, 100 classes; not the 16-class calibration target"
802,entropy_aligned_fixed,1,layer4,25338,0.46981391256603433,0.20103283784890796,0.8488655726950997,"full validation, 100 classes; not the 16-class calibration target"
802,entropy_aligned_fixed,2,layer3,38007,0.21790361266347072,0.11133631546756294,0.6714929391020235,"full validation, 100 classes; not the 16-class calibration target"
802,entropy_aligned_fixed,2,layer4,38007,0.5553727022573258,0.21044023039478083,0.970434800939203,"full validation, 100 classes; not the 16-class calibration target"
802,entropy_aligned_fixed,3,layer3,50676,0.2409292879122483,0.12195676618445424,0.680832823887906,"full validation, 100 classes; not the 16-class calibration target"
802,entropy_aligned_fixed,3,layer4,50676,0.6122921688984653,0.20488835028281166,1.094741123259516,"full validation, 100 classes; not the 16-class calibration target"
802,entropy_aligned_fixed,4,layer3,63345,0.26604486967155866,0.12959753365058893,0.7192272668598048,"full validation, 100 classes; not the 16-class calibration target"
802,entropy_aligned_fixed,4,layer4,63345,0.650276314469704,0.19727517538538047,1.1927942570559709,"full validation, 100 classes; not the 16-class calibration target"
802,entropy_aligned_fixed,5,layer3,76014,0.2906525631193384,0.13634539224324294,0.75693340380054,"full validation, 100 classes; not the 16-class calibration target"
802,entropy_aligned_fixed,5,layer4,76014,0.6648590356076944,0.19497355101089214,1.2267075033225343,"full validation, 100 classes; not the 16-class calibration target"
803,entropy_aligned_fixed,0,layer3,12669,0.1462676447234577,0.03701469311715508,1.3741030022505178,"full validation, 100 classes; not the 16-class calibration target"
803,entropy_aligned_fixed,0,layer4,12669,0.3113611880737592,0.1183154041310654,0.9675943995536116,"full validation, 100 classes; not the 16-class calibration target"
803,entropy_aligned_fixed,1,layer3,25338,0.2041456033307608,0.08600608960437187,0.8644086494057817,"full validation, 100 classes; not the 16-class calibration target"
803,entropy_aligned_fixed,1,layer4,25338,0.4782291292230533,0.19652339112917605,0.8893055070347908,"full validation, 100 classes; not the 16-class calibration target"
803,entropy_aligned_fixed,2,layer3,38007,0.21409073236030746,0.10243661722741987,0.7371505781811176,"full validation, 100 classes; not the 16-class calibration target"
803,entropy_aligned_fixed,2,layer4,38007,0.5505277593606762,0.20556275618974879,0.9851229621343578,"full validation, 100 classes; not the 16-class calibration target"
803,entropy_aligned_fixed,3,layer3,50676,0.23824242348643676,0.1150212808416232,0.7281670826928561,"full validation, 100 classes; not the 16-class calibration target"
803,entropy_aligned_fixed,3,layer4,50676,0.6131301229042136,0.19981520483562937,1.1211808484488521,"full validation, 100 classes; not the 16-class calibration target"
803,entropy_aligned_fixed,4,layer3,63345,0.2672520262392545,0.12469793557689222,0.7622935566892057,"full validation, 100 classes; not the 16-class calibration target"
803,entropy_aligned_fixed,4,layer4,63345,0.6451703842501334,0.1967404645795942,1.1876254892203262,"full validation, 100 classes; not the 16-class calibration target"
803,entropy_aligned_fixed,5,layer3,76014,0.29516053860759156,0.13298701561848728,0.7972637789381594,"full validation, 100 classes; not the 16-class calibration target"
803,entropy_aligned_fixed,5,layer4,76014,0.6605205993177987,0.1954322148347991,1.2178111159284493,"full validation, 100 classes; not the 16-class calibration target"
804,entropy_aligned_fixed,0,layer3,12669,0.14276431223131175,0.0420876409218731,1.2214242164016782,"full validation, 100 classes; not the 16-class calibration target"
804,entropy_aligned_fixed,0,layer4,12669,0.30920160742063973,0.12530485551932555,0.9032391566661615,"full validation, 100 classes; not the 16-class calibration target"
804,entropy_aligned_fixed,1,layer3,25338,0.19943995788551286,0.09424209388320251,0.7496406928847477,"full validation, 100 classes; not the 16-class calibration target"
804,entropy_aligned_fixed,1,layer4,25338,0.4691970261927362,0.201772123380544,0.8438809954077927,"full validation, 100 classes; not the 16-class calibration target"
804,entropy_aligned_fixed,2,layer3,38007,0.21201718143392193,0.10975219257366764,0.6584378914337812,"full validation, 100 classes; not the 16-class calibration target"
804,entropy_aligned_fixed,2,layer4,38007,0.5513173771700476,0.20867566382682706,0.9715264682888936,"full validation, 100 classes; not the 16-class calibration target"
804,entropy_aligned_fixed,3,layer3,50676,0.23747467188568464,0.12042549288252935,0.6790256348405017,"full validation, 100 classes; not the 16-class calibration target"
804,entropy_aligned_fixed,3,layer4,50676,0.6154313062569987,0.20101527908891148,1.1189390625936504,"full validation, 100 classes; not the 16-class calibration target"
804,entropy_aligned_fixed,4,layer3,63345,0.2661664804890974,0.1306936548637089,0.7112620129780127,"full validation, 100 classes; not the 16-class calibration target"
804,entropy_aligned_fixed,4,layer4,63345,0.6490226284860956,0.19579370466326187,1.1984024384600331,"full validation, 100 classes; not the 16-class calibration target"
804,entropy_aligned_fixed,5,layer3,76014,0.290264588867548,0.13725506343832375,0.7489480700802582,"full validation, 100 classes; not the 16-class calibration target"
804,entropy_aligned_fixed,5,layer4,76014,0.6632759402197962,0.19457659117931247,1.2263616008121263,"full validation, 100 classes; not the 16-class calibration target"
805,entropy_aligned_fixed,0,layer3,12669,0.14784266392756804,0.04167256249168226,1.266288455905143,"full validation, 100 classes; not the 16-class calibration target"
805,entropy_aligned_fixed,0,layer4,12669,0.3129278944030831,0.12900762509125488,0.8860967270020068,"full validation, 100 classes; not the 16-class calibration target"
805,entropy_aligned_fixed,1,layer3,25338,0.2018576491291187,0.09113864444798153,0.7951748110057306,"full validation, 100 classes; not the 16-class calibration target"
805,entropy_aligned_fixed,1,layer4,25338,0.4815933574670741,0.1952033251132359,0.9030553466272042,"full validation, 100 classes; not the 16-class calibration target"
805,entropy_aligned_fixed,2,layer3,38007,0.21123312133635475,0.10483465609899864,0.7005731541664058,"full validation, 100 classes; not the 16-class calibration target"
805,entropy_aligned_fixed,2,layer4,38007,0.5688710603473262,0.19869335033322671,1.051887842834875,"full validation, 100 classes; not the 16-class calibration target"
805,entropy_aligned_fixed,3,layer3,50676,0.22900068466880966,0.1171747141024087,0.6700547220453879,"full validation, 100 classes; not the 16-class calibration target"
805,entropy_aligned_fixed,3,layer4,50676,0.627883817354022,0.1943076212585444,1.1729090115282002,"full validation, 100 classes; not the 16-class calibration target"
805,entropy_aligned_fixed,4,layer3,63345,0.2526468724585962,0.1255555426385217,0.6992405147364262,"full validation, 100 classes; not the 16-class calibration target"
805,entropy_aligned_fixed,4,layer4,63345,0.6606087221658502,0.18749589181235857,1.25940096175115,"full validation, 100 classes; not the 16-class calibration target"
805,entropy_aligned_fixed,5,layer3,76014,0.27257307660546326,0.13255146518061994,0.7209318872346011,"full validation, 100 classes; not the 16-class calibration target"
805,entropy_aligned_fixed,5,layer4,76014,0.6741511585005687,0.18652933962436105,1.2848619350814054,"full validation, 100 classes; not the 16-class calibration target"
806,entropy_aligned_fixed,0,layer3,12669,0.14459723764248578,0.038184599164887964,1.331500662515707,"full validation, 100 classes; not the 16-class calibration target"
806,entropy_aligned_fixed,0,layer4,12669,0.30004959654072827,0.11530781873633762,0.9563372060837492,"full validation, 100 classes; not the 16-class calibration target"
806,entropy_aligned_fixed,1,layer3,25338,0.20737411582078713,0.09008174953466898,0.8338006198403867,"full validation, 100 classes; not the 16-class calibration target"
806,entropy_aligned_fixed,1,layer4,25338,0.4811118028930337,0.19435284270722833,0.906421330859303,"full validation, 100 classes; not the 16-class calibration target"
806,entropy_aligned_fixed,2,layer3,38007,0.21750907887348087,0.10622927031984603,0.7166360896488118,"full validation, 100 classes; not the 16-class calibration target"
806,entropy_aligned_fixed,2,layer4,38007,0.5573576426834955,0.2035498159172177,1.007293232081617,"full validation, 100 classes; not the 16-class calibration target"
806,entropy_aligned_fixed,3,layer3,50676,0.2450716566826771,0.11813108738890979,0.7297513413950174,"full validation, 100 classes; not the 16-class calibration target"
806,entropy_aligned_fixed,3,layer4,50676,0.6115733674098527,0.2017959926848782,1.1087743571118354,"full validation, 100 classes; not the 16-class calibration target"
806,entropy_aligned_fixed,4,layer3,63345,0.27521988909444733,0.12618114772383388,0.7798475284090605,"full validation, 100 classes; not the 16-class calibration target"
806,entropy_aligned_fixed,4,layer4,63345,0.6428420060944919,0.19769212200771047,1.1791845964172283,"full validation, 100 classes; not the 16-class calibration target"
806,entropy_aligned_fixed,5,layer3,76014,0.3006137120388269,0.13241206503381006,0.8199031012285729,"full validation, 100 classes; not the 16-class calibration target"
806,entropy_aligned_fixed,5,layer4,76014,0.6611511251923157,0.1940050586749983,1.2260945685260267,"full validation, 100 classes; not the 16-class calibration target"
